id,category,type,prompt,difficulty,keywords,length
1,에세이,비유/은유 연습,‘후회’을(를) 계절에 비유해 300자 내외의 짧은 에세이를 작성하라.,쉬움,"['사랑', '변화', '강물']",400
2,에세이,비유/은유 연습,‘행복’을(를) 구름으로 은유하여 감정적이면서도 철학적인 에세이를 써라.,쉬움,"['죽음', '우정', '폭풍']",350
3,에세이,비유/은유 연습,‘시간’을(를) 구름으로 은유하여 감정적이면서도 철학적인 에세이를 써라.,중간,"['불꽃', '죽음', '희망']",350
4,에세이,비유/은유 연습,‘죽음’과(와) 별빛을(를) 대비시켜 대조적 은유로 350자 내외 글을 써라.,쉬움,"['계절', '숲', '여행']",500
5,에세이,비유/은유 연습,해와 달을(를) 활용해 ‘우정’의 본질을 은유적으로 표현한 500자 에세이를 작성하라.,쉬움,"['변화', '시간', '별']",400
6,에세이,비유/은유 연습,‘고독’을(를) 비과(와) 연결해 삶의 의미를 탐구하는 짧은 글을 써라.,어려움,"['고독', '시간', '죽음']",450
7,에세이,비유/은유 연습,‘삶’을(를) 거울에 비유해 300자 내외의 짧은 에세이를 작성하라.,중간,"['여행', '바다', '강물']",400
8,에세이,비유/은유 연습,‘평화’을(를) 거울에 빗대어 희망적인 메시지가 담긴 글을 400자 내외로 작성하라.,쉬움,"['강물', '꿈', '우정']",400
9,에세이,비유/은유 연습,‘고독’과(와) 모래시계을(를) 대비시켜 대조적 은유로 350자 내외 글을 써라.,중간,"['철학', '강물', '하늘']",350
10,에세이,비유/은유 연습,‘전쟁’과(와) 불꽃을(를) 대비시켜 대조적 은유로 350자 내외 글을 써라.,중간,"['별', '꿈', '불꽃']",450
11,에세이,비유/은유 연습,‘기억’을(를) 별빛에 빗대어 희망적인 메시지가 담긴 글을 400자 내외로 작성하라.,쉬움,"['죽음', '철학', '변화']",350
12,에세이,비유/은유 연습,‘변화’을(를) 구름처럼 묘사하며 독자의 상상을 자극하는 글을 작성하라.,어려움,"['철학', '바다', '시간']",350
13,에세이,비유/은유 연습,‘사랑’을(를) 비으로 은유하여 감정적이면서도 철학적인 에세이를 써라.,어려움,"['별', '여행', '바다']",300
14,에세이,비유/은유 연습,‘기억’을(를) 거울에 비유해 300자 내외의 짧은 에세이를 작성하라.,어려움,"['죽음', '사랑', '꿈']",400
15,에세이,비유/은유 연습,‘청춘’을(를) 별빛과(와) 연결해 삶의 의미를 탐구하는 짧은 글을 써라.,쉬움,"['여행', '자연', '사랑']",350
16,에세이,비유/은유 연습,‘변화’을(를) 모래시계으로 은유하여 감정적이면서도 철학적인 에세이를 써라.,어려움,"['계절', '철학', '별']",300
17,에세이,비유/은유 연습,불꽃을(를) 통해 ‘자연’의 변화를 비유로 풀어낸 450자 글을 작성하라.,중간,"['강물', '폭풍', '여행']",300
18,에세이,비유/은유 연습,‘도시’을(를) 나무에 비유해 300자 내외의 짧은 에세이를 작성하라.,쉬움,"['기억', '사랑', '별']",500
19,에세이,비유/은유 연습,‘시간’을(를) 불꽃으로 은유하여 감정적이면서도 철학적인 에세이를 써라.,어려움,"['기억', '희망', '여행']",450
20,에세이,비유/은유 연습,사막을(를) 통해 ‘자연’의 변화를 비유로 풀어낸 450자 글을 작성하라.,중간,"['숲', '시간', '우정']",400
21,에세이,비유/은유 연습,‘시간’을(를) 바람처럼 묘사하며 독자의 상상을 자극하는 글을 작성하라.,중간,"['철학', '자연', '계절']",450
22,에세이,비유/은유 연습,‘시간’을(를) 사막과(와) 연결해 삶의 의미를 탐구하는 짧은 글을 써라.,어려움,"['여행', '하늘', '불꽃']",450
23,에세이,비유/은유 연습,사막을(를) 통해 ‘변화’의 변화를 비유로 풀어낸 450자 글을 작성하라.,어려움,"['여행', '기억', '사랑']",400
24,에세이,비유/은유 연습,‘별’을(를) 비에 비유해 300자 내외의 짧은 에세이를 작성하라.,중간,"['여행', '강물', '숲']",300
25,에세이,비유/은유 연습,‘전쟁’을(를) 거울에 비유해 300자 내외의 짧은 에세이를 작성하라.,어려움,"['별', '우정', '강물']",300
26,에세이,비유/은유 연습,‘평화’을(를) 꽃에 빗대어 희망적인 메시지가 담긴 글을 400자 내외로 작성하라.,쉬움,"['계절', '사랑', '폭풍']",450
27,에세이,비유/은유 연습,계절을(를) 통해 ‘변화’의 변화를 비유로 풀어낸 450자 글을 작성하라.,어려움,"['여행', '자연', '희망']",400
28,에세이,비유/은유 연습,나무을(를) 활용해 ‘자연’의 본질을 은유적으로 표현한 500자 에세이를 작성하라.,어려움,"['여행', '사랑', '계절']",450
29,에세이,비유/은유 연습,‘사랑’을(를) 어둠에 비유해 300자 내외의 짧은 에세이를 작성하라.,어려움,"['불꽃', '하늘', '고독']",450
30,에세이,비유/은유 연습,‘행복’을(를) 바다처럼 묘사하며 독자의 상상을 자극하는 글을 작성하라.,어려움,"['희망', '철학', '죽음']",400
31,에세이,비유/은유 연습,‘고독’을(를) 모래시계처럼 묘사하며 독자의 상상을 자극하는 글을 작성하라.,중간,"['숲', '철학', '별']",450
32,에세이,비유/은유 연습,‘고독’을(를) 강물에 빗대어 희망적인 메시지가 담긴 글을 400자 내외로 작성하라.,쉬움,"['강물', '바다', '불꽃']",300
33,에세이,비유/은유 연습,‘희망’을(를) 불꽃에 빗대어 희망적인 메시지가 담긴 글을 400자 내외로 작성하라.,어려움,"['죽음', '시간', '강물']",350
34,에세이,비유/은유 연습,‘시간’과(와) 불꽃을(를) 대비시켜 대조적 은유로 350자 내외 글을 써라.,어려움,"['강물', '별', '우정']",450
35,에세이,비유/은유 연습,‘삶’을(를) 하늘으로 은유하여 감정적이면서도 철학적인 에세이를 써라.,중간,"['별', '자연', '하늘']",350
36,에세이,비유/은유 연습,‘고독’을(를) 계절과(와) 연결해 삶의 의미를 탐구하는 짧은 글을 써라.,어려움,"['숲', '철학', '하늘']",450
37,에세이,비유/은유 연습,‘전쟁’을(를) 폭풍으로 은유하여 감정적이면서도 철학적인 에세이를 써라.,어려움,"['자연', '폭풍', '시간']",400
38,에세이,비유/은유 연습,‘별’을(를) 파도처럼 묘사하며 독자의 상상을 자극하는 글을 작성하라.,쉬움,"['폭풍', '우정', '별']",450
39,에세이,비유/은유 연습,‘행복’과(와) 숲을(를) 대비시켜 대조적 은유로 350자 내외 글을 써라.,중간,"['폭풍', '희망', '숲']",500
40,에세이,비유/은유 연습,바람을(를) 통해 ‘삶’의 변화를 비유로 풀어낸 450자 글을 작성하라.,중간,"['하늘', '바다', '여행']",400
41,에세이,비유/은유 연습,‘자연’을(를) 불꽃과(와) 연결해 삶의 의미를 탐구하는 짧은 글을 써라.,쉬움,"['숲', '여행', '계절']",500
42,에세이,비유/은유 연습,‘죽음’을(를) 폭풍과(와) 연결해 삶의 의미를 탐구하는 짧은 글을 써라.,쉬움,"['꿈', '별', '자연']",450
43,에세이,비유/은유 연습,‘시간’을(를) 해와 달과(와) 연결해 삶의 의미를 탐구하는 짧은 글을 써라.,어려움,"['불꽃', '하늘', '폭풍']",400
44,에세이,비유/은유 연습,‘청춘’을(를) 하늘에 빗대어 희망적인 메시지가 담긴 글을 400자 내외로 작성하라.,쉬움,"['고독', '폭풍', '시간']",450
45,에세이,비유/은유 연습,‘청춘’을(를) 나무에 비유해 300자 내외의 짧은 에세이를 작성하라.,중간,"['숲', '계절', '폭풍']",300
46,에세이,비유/은유 연습,‘강물’을(를) 구름으로 은유하여 감정적이면서도 철학적인 에세이를 써라.,중간,"['철학', '희망', '고독']",450
47,에세이,비유/은유 연습,‘도시’을(를) 거울처럼 묘사하며 독자의 상상을 자극하는 글을 작성하라.,어려움,"['기억', '시간', '희망']",300
48,에세이,비유/은유 연습,구름을(를) 통해 ‘행복’의 변화를 비유로 풀어낸 450자 글을 작성하라.,어려움,"['숲', '불꽃', '자연']",500
49,에세이,비유/은유 연습,‘기억’을(를) 바람에 빗대어 희망적인 메시지가 담긴 글을 400자 내외로 작성하라.,중간,"['폭풍', '시간', '숲']",400
50,에세이,비유/은유 연습,‘후회’과(와) 모래시계을(를) 대비시켜 대조적 은유로 350자 내외 글을 써라.,어려움,"['불꽃', '희망', '꿈']",400
51,에세이,비유/은유 연습,바다을(를) 통해 ‘꿈’의 변화를 비유로 풀어낸 450자 글을 작성하라.,쉬움,"['바다', '별', '사랑']",350
52,에세이,비유/은유 연습,우주을(를) 통해 ‘가족’의 변화를 비유로 풀어낸 450자 글을 작성하라.,어려움,"['여행', '폭풍', '희망']",300
53,에세이,비유/은유 연습,‘변화’을(를) 계절에 빗대어 희망적인 메시지가 담긴 글을 400자 내외로 작성하라.,중간,"['기억', '계절', '여행']",400
54,에세이,비유/은유 연습,‘삶’을(를) 어둠과(와) 연결해 삶의 의미를 탐구하는 짧은 글을 써라.,어려움,"['강물', '바다', '숲']",400
55,에세이,비유/은유 연습,‘가족’을(를) 하늘에 비유해 300자 내외의 짧은 에세이를 작성하라.,쉬움,"['불꽃', '하늘', '별']",350
56,에세이,비유/은유 연습,‘삶’을(를) 파도에 빗대어 희망적인 메시지가 담긴 글을 400자 내외로 작성하라.,쉬움,"['별', '여행', '희망']",450
57,에세이,비유/은유 연습,‘희망’을(를) 우주과(와) 연결해 삶의 의미를 탐구하는 짧은 글을 써라.,중간,"['숲', '철학', '고독']",350
58,에세이,비유/은유 연습,‘도시’을(를) 어둠처럼 묘사하며 독자의 상상을 자극하는 글을 작성하라.,중간,"['숲', '죽음', '고독']",450
59,에세이,비유/은유 연습,‘도시’을(를) 우주에 빗대어 희망적인 메시지가 담긴 글을 400자 내외로 작성하라.,어려움,"['고독', '우정', '희망']",400
60,에세이,비유/은유 연습,‘변화’을(를) 바람으로 은유하여 감정적이면서도 철학적인 에세이를 써라.,쉬움,"['고독', '자연', '희망']",500
61,에세이,비유/은유 연습,‘도시’을(를) 우주으로 은유하여 감정적이면서도 철학적인 에세이를 써라.,어려움,"['사랑', '변화', '하늘']",400
62,에세이,비유/은유 연습,우주을(를) 활용해 ‘변화’의 본질을 은유적으로 표현한 500자 에세이를 작성하라.,쉬움,"['사랑', '변화', '고독']",450
63,에세이,비유/은유 연습,‘후회’을(를) 구름으로 은유하여 감정적이면서도 철학적인 에세이를 써라.,중간,"['시간', '고독', '죽음']",400
64,에세이,비유/은유 연습,파도을(를) 통해 ‘평화’의 변화를 비유로 풀어낸 450자 글을 작성하라.,중간,"['변화', '숲', '여행']",450
65,에세이,비유/은유 연습,‘별’을(를) 사막과(와) 연결해 삶의 의미를 탐구하는 짧은 글을 써라.,중간,"['강물', '계절', '우정']",300
66,에세이,비유/은유 연습,계절을(를) 활용해 ‘강물’의 본질을 은유적으로 표현한 500자 에세이를 작성하라.,쉬움,"['죽음', '시간', '꿈']",450
67,에세이,비유/은유 연습,‘고독’을(를) 숲으로 은유하여 감정적이면서도 철학적인 에세이를 써라.,중간,"['시간', '철학', '하늘']",450
68,에세이,비유/은유 연습,‘청춘’을(를) 어둠에 빗대어 희망적인 메시지가 담긴 글을 400자 내외로 작성하라.,어려움,"['시간', '죽음', '변화']",500
69,에세이,비유/은유 연습,‘자연’을(를) 구름에 빗대어 희망적인 메시지가 담긴 글을 400자 내외로 작성하라.,중간,"['고독', '변화', '바다']",450
70,에세이,비유/은유 연습,‘변화’을(를) 꽃처럼 묘사하며 독자의 상상을 자극하는 글을 작성하라.,쉬움,"['바다', '여행', '계절']",450
71,에세이,비유/은유 연습,‘도시’을(를) 하늘처럼 묘사하며 독자의 상상을 자극하는 글을 작성하라.,어려움,"['꿈', '여행', '숲']",400
72,에세이,비유/은유 연습,‘기억’을(를) 폭풍으로 은유하여 감정적이면서도 철학적인 에세이를 써라.,어려움,"['철학', '계절', '불꽃']",500
73,에세이,비유/은유 연습,‘가족’을(를) 강물에 빗대어 희망적인 메시지가 담긴 글을 400자 내외로 작성하라.,쉬움,"['여행', '죽음', '기억']",400
74,에세이,비유/은유 연습,‘가족’과(와) 꽃을(를) 대비시켜 대조적 은유로 350자 내외 글을 써라.,어려움,"['여행', '희망', '폭풍']",500
75,에세이,비유/은유 연습,‘청춘’을(를) 거울과(와) 연결해 삶의 의미를 탐구하는 짧은 글을 써라.,쉬움,"['희망', '여행', '불꽃']",350
76,에세이,비유/은유 연습,‘죽음’과(와) 강물을(를) 대비시켜 대조적 은유로 350자 내외 글을 써라.,쉬움,"['사랑', '숲', '불꽃']",450
77,에세이,비유/은유 연습,‘청춘’을(를) 바다처럼 묘사하며 독자의 상상을 자극하는 글을 작성하라.,어려움,"['폭풍', '별', '철학']",400
78,에세이,비유/은유 연습,‘우정’을(를) 파도과(와) 연결해 삶의 의미를 탐구하는 짧은 글을 써라.,어려움,"['철학', '불꽃', '계절']",350
79,에세이,비유/은유 연습,바다을(를) 활용해 ‘기억’의 본질을 은유적으로 표현한 500자 에세이를 작성하라.,쉬움,"['시간', '계절', '강물']",450
80,에세이,비유/은유 연습,별빛을(를) 활용해 ‘전쟁’의 본질을 은유적으로 표현한 500자 에세이를 작성하라.,어려움,"['고독', '기억', '계절']",500
81,에세이,비유/은유 연습,거울을(를) 통해 ‘사랑’의 변화를 비유로 풀어낸 450자 글을 작성하라.,어려움,"['숲', '강물', '우정']",450
82,에세이,비유/은유 연습,‘꿈’을(를) 숲에 빗대어 희망적인 메시지가 담긴 글을 400자 내외로 작성하라.,쉬움,"['여행', '꿈', '불꽃']",500
83,에세이,비유/은유 연습,‘전쟁’을(를) 별빛처럼 묘사하며 독자의 상상을 자극하는 글을 작성하라.,중간,"['시간', '죽음', '꿈']",500
84,에세이,비유/은유 연습,‘후회’을(를) 꽃에 비유해 300자 내외의 짧은 에세이를 작성하라.,중간,"['하늘', '우정', '강물']",300
85,에세이,비유/은유 연습,‘꿈’을(를) 해와 달처럼 묘사하며 독자의 상상을 자극하는 글을 작성하라.,어려움,"['기억', '시간', '여행']",400
86,에세이,비유/은유 연습,나무을(를) 통해 ‘청춘’의 변화를 비유로 풀어낸 450자 글을 작성하라.,쉬움,"['바다', '여행', '사랑']",450
87,에세이,비유/은유 연습,‘후회’을(를) 우주처럼 묘사하며 독자의 상상을 자극하는 글을 작성하라.,어려움,"['숲', '죽음', '사랑']",300
88,에세이,비유/은유 연습,‘후회’을(를) 비에 비유해 300자 내외의 짧은 에세이를 작성하라.,어려움,"['별', '변화', '시간']",300
89,에세이,비유/은유 연습,‘평화’을(를) 바람에 비유해 300자 내외의 짧은 에세이를 작성하라.,쉬움,"['사랑', '우정', '하늘']",350
90,에세이,비유/은유 연습,‘청춘’을(를) 바람에 빗대어 희망적인 메시지가 담긴 글을 400자 내외로 작성하라.,쉬움,"['별', '우정', '자연']",400
91,에세이,비유/은유 연습,‘청춘’을(를) 나무처럼 묘사하며 독자의 상상을 자극하는 글을 작성하라.,쉬움,"['불꽃', '폭풍', '변화']",500
92,에세이,비유/은유 연습,계절을(를) 활용해 ‘전쟁’의 본질을 은유적으로 표현한 500자 에세이를 작성하라.,어려움,"['숲', '바다', '죽음']",350
93,에세이,비유/은유 연습,‘가족’을(를) 해와 달에 빗대어 희망적인 메시지가 담긴 글을 400자 내외로 작성하라.,쉬움,"['폭풍', '고독', '별']",350
94,에세이,비유/은유 연습,‘죽음’을(를) 숲처럼 묘사하며 독자의 상상을 자극하는 글을 작성하라.,중간,"['바다', '죽음', '우정']",300
95,에세이,비유/은유 연습,‘희망’을(를) 모래시계처럼 묘사하며 독자의 상상을 자극하는 글을 작성하라.,중간,"['죽음', '하늘', '시간']",450
96,에세이,비유/은유 연습,‘시간’과(와) 꽃을(를) 대비시켜 대조적 은유로 350자 내외 글을 써라.,어려움,"['희망', '꿈', '계절']",500
97,에세이,비유/은유 연습,‘도시’을(를) 불꽃에 비유해 300자 내외의 짧은 에세이를 작성하라.,중간,"['바다', '숲', '시간']",450
98,에세이,비유/은유 연습,‘강물’을(를) 어둠처럼 묘사하며 독자의 상상을 자극하는 글을 작성하라.,어려움,"['우정', '강물', '희망']",350
99,에세이,비유/은유 연습,‘평화’을(를) 해와 달처럼 묘사하며 독자의 상상을 자극하는 글을 작성하라.,중간,"['여행', '하늘', '자연']",400
100,에세이,비유/은유 연습,‘시간’을(를) 나무처럼 묘사하며 독자의 상상을 자극하는 글을 작성하라.,쉬움,"['불꽃', '하늘', '폭풍']",500
101,에세이,비유/은유 연습,‘죽음’과(와) 비을(를) 대비시켜 대조적 은유로 350자 내외 글을 써라.,어려움,"['고독', '여행', '하늘']",400
102,에세이,비유/은유 연습,‘죽음’과(와) 꽃을(를) 대비시켜 대조적 은유로 350자 내외 글을 써라.,쉬움,"['죽음', '강물', '변화']",300
103,에세이,비유/은유 연습,‘별’을(를) 하늘에 비유해 300자 내외의 짧은 에세이를 작성하라.,쉬움,"['여행', '시간', '기억']",500
104,에세이,비유/은유 연습,‘청춘’을(를) 구름처럼 묘사하며 독자의 상상을 자극하는 글을 작성하라.,쉬움,"['시간', '불꽃', '계절']",350
105,에세이,비유/은유 연습,‘시간’을(를) 별빛에 비유해 300자 내외의 짧은 에세이를 작성하라.,쉬움,"['기억', '여행', '꿈']",450
106,에세이,비유/은유 연습,‘기억’을(를) 숲으로 은유하여 감정적이면서도 철학적인 에세이를 써라.,쉬움,"['시간', '바다', '꿈']",300
107,에세이,비유/은유 연습,모래시계을(를) 활용해 ‘평화’의 본질을 은유적으로 표현한 500자 에세이를 작성하라.,쉬움,"['죽음', '계절', '하늘']",350
108,에세이,비유/은유 연습,‘별’을(를) 구름으로 은유하여 감정적이면서도 철학적인 에세이를 써라.,중간,"['불꽃', '하늘', '변화']",450
109,에세이,비유/은유 연습,‘시간’을(를) 별빛에 빗대어 희망적인 메시지가 담긴 글을 400자 내외로 작성하라.,쉬움,"['시간', '희망', '고독']",400
110,에세이,비유/은유 연습,‘도시’을(를) 숲에 빗대어 희망적인 메시지가 담긴 글을 400자 내외로 작성하라.,어려움,"['고독', '기억', '우정']",400
111,에세이,비유/은유 연습,‘강물’을(를) 해와 달에 비유해 300자 내외의 짧은 에세이를 작성하라.,어려움,"['꿈', '희망', '죽음']",500
112,에세이,비유/은유 연습,‘죽음’과(와) 꽃을(를) 대비시켜 대조적 은유로 350자 내외 글을 써라.,중간,"['별', '바다', '꿈']",500
113,에세이,비유/은유 연습,‘도시’과(와) 별빛을(를) 대비시켜 대조적 은유로 350자 내외 글을 써라.,어려움,"['숲', '사랑', '변화']",500
114,에세이,비유/은유 연습,거울을(를) 통해 ‘희망’의 변화를 비유로 풀어낸 450자 글을 작성하라.,어려움,"['희망', '사랑', '자연']",450
115,에세이,비유/은유 연습,‘꿈’을(를) 해와 달에 비유해 300자 내외의 짧은 에세이를 작성하라.,어려움,"['고독', '꿈', '사랑']",350
116,에세이,비유/은유 연습,어둠을(를) 통해 ‘희망’의 변화를 비유로 풀어낸 450자 글을 작성하라.,쉬움,"['죽음', '시간', '변화']",450
117,에세이,비유/은유 연습,‘도시’을(를) 별빛에 비유해 300자 내외의 짧은 에세이를 작성하라.,쉬움,"['별', '희망', '바다']",500
118,에세이,비유/은유 연습,‘후회’을(를) 하늘에 비유해 300자 내외의 짧은 에세이를 작성하라.,중간,"['숲', '계절', '하늘']",350
119,에세이,비유/은유 연습,‘시간’을(를) 모래시계과(와) 연결해 삶의 의미를 탐구하는 짧은 글을 써라.,중간,"['하늘', '자연', '계절']",500
120,에세이,비유/은유 연습,‘청춘’을(를) 거울으로 은유하여 감정적이면서도 철학적인 에세이를 써라.,중간,"['강물', '꿈', '계절']",300
121,에세이,비유/은유 연습,사막을(를) 활용해 ‘자연’의 본질을 은유적으로 표현한 500자 에세이를 작성하라.,쉬움,"['별', '희망', '시간']",450
122,에세이,비유/은유 연습,‘기억’을(를) 거울으로 은유하여 감정적이면서도 철학적인 에세이를 써라.,어려움,"['숲', '하늘', '고독']",450
123,에세이,비유/은유 연습,‘기억’을(를) 불꽃에 빗대어 희망적인 메시지가 담긴 글을 400자 내외로 작성하라.,쉬움,"['죽음', '사랑', '기억']",450
124,에세이,비유/은유 연습,‘자연’을(를) 어둠에 비유해 300자 내외의 짧은 에세이를 작성하라.,어려움,"['강물', '희망', '불꽃']",350
125,에세이,비유/은유 연습,‘삶’을(를) 바람처럼 묘사하며 독자의 상상을 자극하는 글을 작성하라.,어려움,"['여행', '강물', '자연']",500
126,에세이,비유/은유 연습,‘우정’과(와) 거울을(를) 대비시켜 대조적 은유로 350자 내외 글을 써라.,쉬움,"['하늘', '불꽃', '고독']",300
127,에세이,비유/은유 연습,‘죽음’을(를) 계절에 빗대어 희망적인 메시지가 담긴 글을 400자 내외로 작성하라.,어려움,"['죽음', '희망', '숲']",500
128,에세이,비유/은유 연습,‘희망’을(를) 구름에 빗대어 희망적인 메시지가 담긴 글을 400자 내외로 작성하라.,쉬움,"['불꽃', '시간', '계절']",300
129,에세이,비유/은유 연습,‘기억’을(를) 파도에 비유해 300자 내외의 짧은 에세이를 작성하라.,쉬움,"['희망', '사랑', '여행']",450
130,에세이,비유/은유 연습,‘청춘’을(를) 꽃으로 은유하여 감정적이면서도 철학적인 에세이를 써라.,쉬움,"['자연', '기억', '죽음']",500
131,에세이,비유/은유 연습,‘변화’을(를) 강물에 빗대어 희망적인 메시지가 담긴 글을 400자 내외로 작성하라.,쉬움,"['죽음', '하늘', '불꽃']",400
132,에세이,비유/은유 연습,‘후회’을(를) 어둠에 빗대어 희망적인 메시지가 담긴 글을 400자 내외로 작성하라.,중간,"['숲', '불꽃', '철학']",450
133,에세이,비유/은유 연습,불꽃을(를) 통해 ‘죽음’의 변화를 비유로 풀어낸 450자 글을 작성하라.,어려움,"['시간', '불꽃', '자연']",500
134,에세이,비유/은유 연습,‘별’을(를) 계절에 비유해 300자 내외의 짧은 에세이를 작성하라.,중간,"['별', '숲', '강물']",400
135,에세이,비유/은유 연습,‘후회’을(를) 비으로 은유하여 감정적이면서도 철학적인 에세이를 써라.,중간,"['별', '자연', '기억']",450
136,에세이,비유/은유 연습,‘죽음’을(를) 나무에 빗대어 희망적인 메시지가 담긴 글을 400자 내외로 작성하라.,쉬움,"['폭풍', '꿈', '고독']",500
137,에세이,비유/은유 연습,‘사랑’을(를) 어둠처럼 묘사하며 독자의 상상을 자극하는 글을 작성하라.,중간,"['꿈', '변화', '죽음']",300
138,에세이,비유/은유 연습,해와 달을(를) 활용해 ‘가족’의 본질을 은유적으로 표현한 500자 에세이를 작성하라.,중간,"['숲', '변화', '죽음']",400
139,에세이,비유/은유 연습,‘별’을(를) 폭풍처럼 묘사하며 독자의 상상을 자극하는 글을 작성하라.,어려움,"['변화', '별', '하늘']",400
140,에세이,비유/은유 연습,하늘을(를) 활용해 ‘꿈’의 본질을 은유적으로 표현한 500자 에세이를 작성하라.,쉬움,"['불꽃', '별', '죽음']",500
141,에세이,비유/은유 연습,별빛을(를) 활용해 ‘삶’의 본질을 은유적으로 표현한 500자 에세이를 작성하라.,어려움,"['꿈', '자연', '계절']",300
142,에세이,비유/은유 연습,‘전쟁’을(를) 숲처럼 묘사하며 독자의 상상을 자극하는 글을 작성하라.,쉬움,"['기억', '시간', '철학']",450
143,에세이,비유/은유 연습,바다을(를) 활용해 ‘기억’의 본질을 은유적으로 표현한 500자 에세이를 작성하라.,어려움,"['별', '불꽃', '여행']",450
144,에세이,비유/은유 연습,‘고독’을(를) 불꽃에 비유해 300자 내외의 짧은 에세이를 작성하라.,중간,"['죽음', '숲', '변화']",500
145,에세이,비유/은유 연습,‘죽음’과(와) 바다을(를) 대비시켜 대조적 은유로 350자 내외 글을 써라.,중간,"['하늘', '우정', '계절']",300
146,에세이,비유/은유 연습,숲을(를) 통해 ‘전쟁’의 변화를 비유로 풀어낸 450자 글을 작성하라.,어려움,"['숲', '계절', '폭풍']",400
147,에세이,비유/은유 연습,‘희망’을(를) 모래시계처럼 묘사하며 독자의 상상을 자극하는 글을 작성하라.,중간,"['시간', '희망', '강물']",450
148,에세이,비유/은유 연습,‘평화’을(를) 강물과(와) 연결해 삶의 의미를 탐구하는 짧은 글을 써라.,중간,"['하늘', '불꽃', '강물']",350
149,에세이,비유/은유 연습,모래시계을(를) 활용해 ‘삶’의 본질을 은유적으로 표현한 500자 에세이를 작성하라.,어려움,"['자연', '희망', '여행']",300
150,에세이,비유/은유 연습,숲을(를) 통해 ‘자연’의 변화를 비유로 풀어낸 450자 글을 작성하라.,쉬움,"['여행', '기억', '죽음']",450
151,에세이,비유/은유 연습,계절을(를) 활용해 ‘기억’의 본질을 은유적으로 표현한 500자 에세이를 작성하라.,어려움,"['시간', '죽음', '우정']",400
152,에세이,비유/은유 연습,‘행복’을(를) 어둠처럼 묘사하며 독자의 상상을 자극하는 글을 작성하라.,어려움,"['희망', '숲', '여행']",450
153,에세이,비유/은유 연습,‘죽음’을(를) 나무에 빗대어 희망적인 메시지가 담긴 글을 400자 내외로 작성하라.,중간,"['기억', '사랑', '계절']",400
154,에세이,비유/은유 연습,‘기억’을(를) 나무처럼 묘사하며 독자의 상상을 자극하는 글을 작성하라.,어려움,"['기억', '사랑', '꿈']",500
155,에세이,비유/은유 연습,‘고독’을(를) 모래시계처럼 묘사하며 독자의 상상을 자극하는 글을 작성하라.,쉬움,"['우정', '시간', '폭풍']",400
156,에세이,비유/은유 연습,‘평화’을(를) 바람처럼 묘사하며 독자의 상상을 자극하는 글을 작성하라.,쉬움,"['희망', '기억', '하늘']",400
157,에세이,비유/은유 연습,‘자연’을(를) 바다처럼 묘사하며 독자의 상상을 자극하는 글을 작성하라.,어려움,"['계절', '자연', '우정']",450
158,에세이,비유/은유 연습,‘시간’과(와) 강물을(를) 대비시켜 대조적 은유로 350자 내외 글을 써라.,중간,"['죽음', '여행', '꿈']",500
159,에세이,비유/은유 연습,‘꿈’과(와) 숲을(를) 대비시켜 대조적 은유로 350자 내외 글을 써라.,쉬움,"['계절', '바다', '하늘']",500
160,에세이,비유/은유 연습,‘별’을(를) 강물으로 은유하여 감정적이면서도 철학적인 에세이를 써라.,중간,"['숲', '불꽃', '고독']",400
161,에세이,비유/은유 연습,‘행복’과(와) 강물을(를) 대비시켜 대조적 은유로 350자 내외 글을 써라.,쉬움,"['철학', '우정', '별']",400
162,에세이,비유/은유 연습,‘가족’을(를) 숲에 빗대어 희망적인 메시지가 담긴 글을 400자 내외로 작성하라.,쉬움,"['숲', '여행', '하늘']",350
163,에세이,비유/은유 연습,‘강물’을(를) 불꽃으로 은유하여 감정적이면서도 철학적인 에세이를 써라.,어려움,"['여행', '하늘', '계절']",400
164,에세이,비유/은유 연습,‘강물’을(를) 불꽃처럼 묘사하며 독자의 상상을 자극하는 글을 작성하라.,어려움,"['시간', '바다', '우정']",350
165,에세이,비유/은유 연습,‘행복’을(를) 비으로 은유하여 감정적이면서도 철학적인 에세이를 써라.,어려움,"['별', '변화', '여행']",300
166,에세이,비유/은유 연습,‘행복’을(를) 바다과(와) 연결해 삶의 의미를 탐구하는 짧은 글을 써라.,쉬움,"['고독', '사랑', '변화']",300
167,에세이,비유/은유 연습,‘자연’을(를) 계절에 비유해 300자 내외의 짧은 에세이를 작성하라.,쉬움,"['기억', '철학', '희망']",400
168,에세이,비유/은유 연습,해와 달을(를) 통해 ‘죽음’의 변화를 비유로 풀어낸 450자 글을 작성하라.,쉬움,"['우정', '하늘', '숲']",350
169,에세이,비유/은유 연습,비을(를) 통해 ‘강물’의 변화를 비유로 풀어낸 450자 글을 작성하라.,어려움,"['여행', '희망', '바다']",400
170,에세이,비유/은유 연습,‘평화’을(를) 어둠처럼 묘사하며 독자의 상상을 자극하는 글을 작성하라.,쉬움,"['우정', '변화', '고독']",300
171,에세이,비유/은유 연습,바람을(를) 통해 ‘시간’의 변화를 비유로 풀어낸 450자 글을 작성하라.,어려움,"['우정', '여행', '고독']",500
172,에세이,비유/은유 연습,‘도시’을(를) 숲처럼 묘사하며 독자의 상상을 자극하는 글을 작성하라.,어려움,"['불꽃', '철학', '고독']",450
173,에세이,비유/은유 연습,‘평화’을(를) 사막에 비유해 300자 내외의 짧은 에세이를 작성하라.,어려움,"['자연', '불꽃', '사랑']",400
174,에세이,비유/은유 연습,‘꿈’을(를) 꽃에 비유해 300자 내외의 짧은 에세이를 작성하라.,중간,"['우정', '별', '폭풍']",500
175,에세이,비유/은유 연습,‘기억’과(와) 바다을(를) 대비시켜 대조적 은유로 350자 내외 글을 써라.,중간,"['숲', '불꽃', '고독']",500
176,에세이,비유/은유 연습,‘전쟁’을(를) 어둠처럼 묘사하며 독자의 상상을 자극하는 글을 작성하라.,중간,"['별', '꿈', '강물']",350
177,에세이,비유/은유 연습,‘강물’을(를) 꽃으로 은유하여 감정적이면서도 철학적인 에세이를 써라.,쉬움,"['숲', '고독', '계절']",500
178,에세이,비유/은유 연습,‘시간’을(를) 하늘처럼 묘사하며 독자의 상상을 자극하는 글을 작성하라.,쉬움,"['우정', '희망', '죽음']",500
179,에세이,비유/은유 연습,‘전쟁’을(를) 별빛으로 은유하여 감정적이면서도 철학적인 에세이를 써라.,중간,"['철학', '별', '불꽃']",400
180,에세이,비유/은유 연습,‘가족’과(와) 강물을(를) 대비시켜 대조적 은유로 350자 내외 글을 써라.,어려움,"['희망', '바다', '하늘']",300
181,에세이,비유/은유 연습,강물을(를) 활용해 ‘삶’의 본질을 은유적으로 표현한 500자 에세이를 작성하라.,쉬움,"['죽음', '기억', '폭풍']",300
182,에세이,비유/은유 연습,‘삶’을(를) 해와 달에 빗대어 희망적인 메시지가 담긴 글을 400자 내외로 작성하라.,쉬움,"['우정', '사랑', '철학']",450
183,에세이,비유/은유 연습,‘행복’을(를) 강물에 비유해 300자 내외의 짧은 에세이를 작성하라.,쉬움,"['강물', '자연', '사랑']",400
184,에세이,비유/은유 연습,‘죽음’을(를) 불꽃과(와) 연결해 삶의 의미를 탐구하는 짧은 글을 써라.,어려움,"['죽음', '계절', '숲']",300
185,에세이,비유/은유 연습,‘전쟁’을(를) 나무과(와) 연결해 삶의 의미를 탐구하는 짧은 글을 써라.,쉬움,"['하늘', '희망', '철학']",300
186,에세이,비유/은유 연습,‘별’을(를) 파도에 비유해 300자 내외의 짧은 에세이를 작성하라.,어려움,"['기억', '숲', '변화']",300
187,에세이,비유/은유 연습,‘변화’을(를) 해와 달에 빗대어 희망적인 메시지가 담긴 글을 400자 내외로 작성하라.,어려움,"['불꽃', '꿈', '하늘']",400
188,에세이,비유/은유 연습,‘꿈’을(를) 강물과(와) 연결해 삶의 의미를 탐구하는 짧은 글을 써라.,어려움,"['바다', '불꽃', '강물']",450
189,에세이,비유/은유 연습,숲을(를) 활용해 ‘시간’의 본질을 은유적으로 표현한 500자 에세이를 작성하라.,쉬움,"['사랑', '강물', '고독']",500
190,에세이,비유/은유 연습,‘변화’과(와) 계절을(를) 대비시켜 대조적 은유로 350자 내외 글을 써라.,중간,"['불꽃', '강물', '사랑']",450
191,에세이,비유/은유 연습,‘청춘’과(와) 사막을(를) 대비시켜 대조적 은유로 350자 내외 글을 써라.,어려움,"['철학', '죽음', '여행']",300
192,에세이,비유/은유 연습,‘변화’을(를) 꽃에 비유해 300자 내외의 짧은 에세이를 작성하라.,중간,"['죽음', '숲', '사랑']",500
193,에세이,비유/은유 연습,‘사랑’을(를) 비처럼 묘사하며 독자의 상상을 자극하는 글을 작성하라.,중간,"['기억', '희망', '사랑']",350
194,에세이,비유/은유 연습,나무을(를) 통해 ‘별’의 변화를 비유로 풀어낸 450자 글을 작성하라.,쉬움,"['자연', '꿈', '폭풍']",400
195,에세이,비유/은유 연습,‘강물’과(와) 바다을(를) 대비시켜 대조적 은유로 350자 내외 글을 써라.,어려움,"['별', '꿈', '사랑']",400
196,에세이,비유/은유 연습,강물을(를) 활용해 ‘강물’의 본질을 은유적으로 표현한 500자 에세이를 작성하라.,중간,"['우정', '사랑', '죽음']",500
197,에세이,비유/은유 연습,‘전쟁’을(를) 바다으로 은유하여 감정적이면서도 철학적인 에세이를 써라.,쉬움,"['죽음', '여행', '꿈']",500
198,에세이,비유/은유 연습,모래시계을(를) 통해 ‘삶’의 변화를 비유로 풀어낸 450자 글을 작성하라.,어려움,"['별', '우정', '변화']",450
199,에세이,비유/은유 연습,‘삶’을(를) 구름에 빗대어 희망적인 메시지가 담긴 글을 400자 내외로 작성하라.,중간,"['변화', '자연', '숲']",400
200,에세이,비유/은유 연습,나무을(를) 통해 ‘자연’의 변화를 비유로 풀어낸 450자 글을 작성하라.,어려움,"['숲', '죽음', '고독']",350
201,에세이,비유/은유 연습,‘변화’을(를) 꽃처럼 묘사하며 독자의 상상을 자극하는 글을 작성하라.,쉬움,"['폭풍', '강물', '우정']",350
202,에세이,비유/은유 연습,‘후회’을(를) 숲으로 은유하여 감정적이면서도 철학적인 에세이를 써라.,중간,"['죽음', '강물', '고독']",400
203,에세이,비유/은유 연습,‘도시’을(를) 바람에 빗대어 희망적인 메시지가 담긴 글을 400자 내외로 작성하라.,중간,"['사랑', '꿈', '희망']",400
204,에세이,비유/은유 연습,‘기억’과(와) 하늘을(를) 대비시켜 대조적 은유로 350자 내외 글을 써라.,중간,"['자연', '우정', '시간']",500
205,에세이,비유/은유 연습,‘고독’과(와) 불꽃을(를) 대비시켜 대조적 은유로 350자 내외 글을 써라.,어려움,"['숲', '바다', '불꽃']",500
206,에세이,비유/은유 연습,‘우정’을(를) 모래시계에 빗대어 희망적인 메시지가 담긴 글을 400자 내외로 작성하라.,쉬움,"['기억', '여행', '철학']",350
207,에세이,비유/은유 연습,‘우정’을(를) 파도과(와) 연결해 삶의 의미를 탐구하는 짧은 글을 써라.,어려움,"['변화', '하늘', '사랑']",450
208,에세이,비유/은유 연습,‘평화’을(를) 폭풍에 빗대어 희망적인 메시지가 담긴 글을 400자 내외로 작성하라.,어려움,"['별', '우정', '불꽃']",500
209,에세이,비유/은유 연습,‘가족’을(를) 해와 달에 비유해 300자 내외의 짧은 에세이를 작성하라.,쉬움,"['우정', '바다', '계절']",450
210,에세이,비유/은유 연습,‘시간’을(를) 구름에 빗대어 희망적인 메시지가 담긴 글을 400자 내외로 작성하라.,쉬움,"['하늘', '여행', '숲']",300
211,에세이,비유/은유 연습,숲을(를) 통해 ‘희망’의 변화를 비유로 풀어낸 450자 글을 작성하라.,쉬움,"['우정', '자연', '시간']",450
212,에세이,비유/은유 연습,‘기억’을(를) 바람에 빗대어 희망적인 메시지가 담긴 글을 400자 내외로 작성하라.,중간,"['시간', '기억', '별']",450
213,에세이,비유/은유 연습,‘전쟁’을(를) 거울과(와) 연결해 삶의 의미를 탐구하는 짧은 글을 써라.,중간,"['시간', '하늘', '희망']",500
214,에세이,비유/은유 연습,‘전쟁’을(를) 모래시계에 빗대어 희망적인 메시지가 담긴 글을 400자 내외로 작성하라.,중간,"['강물', '불꽃', '변화']",400
215,에세이,비유/은유 연습,바다을(를) 활용해 ‘별’의 본질을 은유적으로 표현한 500자 에세이를 작성하라.,중간,"['바다', '하늘', '숲']",350
216,에세이,비유/은유 연습,‘시간’을(를) 불꽃에 비유해 300자 내외의 짧은 에세이를 작성하라.,중간,"['기억', '불꽃', '폭풍']",500
217,에세이,비유/은유 연습,‘가족’을(를) 해와 달에 비유해 300자 내외의 짧은 에세이를 작성하라.,중간,"['우정', '계절', '바다']",450
218,에세이,비유/은유 연습,‘고독’을(를) 별빛처럼 묘사하며 독자의 상상을 자극하는 글을 작성하라.,어려움,"['죽음', '기억', '시간']",300
219,에세이,비유/은유 연습,‘가족’과(와) 사막을(를) 대비시켜 대조적 은유로 350자 내외 글을 써라.,중간,"['강물', '변화', '고독']",300
220,에세이,비유/은유 연습,‘강물’을(를) 불꽃으로 은유하여 감정적이면서도 철학적인 에세이를 써라.,중간,"['시간', '폭풍', '사랑']",300
221,에세이,비유/은유 연습,‘삶’을(를) 계절에 비유해 300자 내외의 짧은 에세이를 작성하라.,중간,"['하늘', '불꽃', '폭풍']",300
222,에세이,비유/은유 연습,‘고독’을(를) 숲에 비유해 300자 내외의 짧은 에세이를 작성하라.,중간,"['기억', '불꽃', '별']",300
223,에세이,비유/은유 연습,‘우정’을(를) 불꽃에 빗대어 희망적인 메시지가 담긴 글을 400자 내외로 작성하라.,어려움,"['계절', '강물', '불꽃']",400
224,에세이,비유/은유 연습,‘평화’을(를) 나무으로 은유하여 감정적이면서도 철학적인 에세이를 써라.,어려움,"['죽음', '자연', '폭풍']",350
225,에세이,비유/은유 연습,‘변화’과(와) 바람을(를) 대비시켜 대조적 은유로 350자 내외 글을 써라.,어려움,"['숲', '불꽃', '폭풍']",300
226,에세이,비유/은유 연습,‘강물’과(와) 어둠을(를) 대비시켜 대조적 은유로 350자 내외 글을 써라.,어려움,"['바다', '강물', '우정']",500
227,에세이,비유/은유 연습,‘우정’과(와) 숲을(를) 대비시켜 대조적 은유로 350자 내외 글을 써라.,중간,"['시간', '불꽃', '희망']",350
228,에세이,비유/은유 연습,‘후회’을(를) 별빛에 빗대어 희망적인 메시지가 담긴 글을 400자 내외로 작성하라.,어려움,"['고독', '꿈', '하늘']",500
229,에세이,비유/은유 연습,별빛을(를) 통해 ‘가족’의 변화를 비유로 풀어낸 450자 글을 작성하라.,어려움,"['기억', '죽음', '꿈']",500
230,에세이,비유/은유 연습,사막을(를) 통해 ‘희망’의 변화를 비유로 풀어낸 450자 글을 작성하라.,쉬움,"['희망', '변화', '기억']",450
231,에세이,비유/은유 연습,우주을(를) 통해 ‘전쟁’의 변화를 비유로 풀어낸 450자 글을 작성하라.,중간,"['자연', '죽음', '숲']",400
232,에세이,비유/은유 연습,‘고독’을(를) 바다에 비유해 300자 내외의 짧은 에세이를 작성하라.,쉬움,"['죽음', '우정', '변화']",300
233,에세이,비유/은유 연습,‘꿈’을(를) 별빛에 비유해 300자 내외의 짧은 에세이를 작성하라.,중간,"['바다', '기억', '고독']",450
234,에세이,비유/은유 연습,‘도시’을(를) 사막에 빗대어 희망적인 메시지가 담긴 글을 400자 내외로 작성하라.,중간,"['철학', '고독', '폭풍']",450
235,에세이,비유/은유 연습,‘청춘’을(를) 거울에 비유해 300자 내외의 짧은 에세이를 작성하라.,어려움,"['강물', '폭풍', '우정']",450
236,에세이,비유/은유 연습,‘전쟁’과(와) 파도을(를) 대비시켜 대조적 은유로 350자 내외 글을 써라.,중간,"['변화', '계절', '철학']",300
237,에세이,비유/은유 연습,별빛을(를) 활용해 ‘가족’의 본질을 은유적으로 표현한 500자 에세이를 작성하라.,쉬움,"['시간', '자연', '기억']",300
238,에세이,비유/은유 연습,‘가족’을(를) 폭풍으로 은유하여 감정적이면서도 철학적인 에세이를 써라.,어려움,"['희망', '꿈', '고독']",450
239,에세이,비유/은유 연습,‘희망’을(를) 꽃처럼 묘사하며 독자의 상상을 자극하는 글을 작성하라.,쉬움,"['불꽃', '폭풍', '강물']",500
240,에세이,비유/은유 연습,‘사랑’을(를) 어둠과(와) 연결해 삶의 의미를 탐구하는 짧은 글을 써라.,중간,"['고독', '시간', '폭풍']",500
241,에세이,비유/은유 연습,‘기억’을(를) 나무에 비유해 300자 내외의 짧은 에세이를 작성하라.,쉬움,"['철학', '희망', '바다']",450
242,에세이,비유/은유 연습,‘변화’을(를) 구름으로 은유하여 감정적이면서도 철학적인 에세이를 써라.,어려움,"['자연', '희망', '사랑']",300
243,에세이,비유/은유 연습,‘삶’을(를) 하늘과(와) 연결해 삶의 의미를 탐구하는 짧은 글을 써라.,중간,"['불꽃', '철학', '꿈']",450
244,에세이,비유/은유 연습,‘변화’을(를) 거울과(와) 연결해 삶의 의미를 탐구하는 짧은 글을 써라.,쉬움,"['변화', '폭풍', '사랑']",350
245,에세이,비유/은유 연습,‘청춘’을(를) 바다으로 은유하여 감정적이면서도 철학적인 에세이를 써라.,쉬움,"['희망', '우정', '하늘']",300
246,에세이,비유/은유 연습,‘고독’을(를) 거울에 빗대어 희망적인 메시지가 담긴 글을 400자 내외로 작성하라.,어려움,"['시간', '계절', '숲']",300
247,에세이,비유/은유 연습,‘고독’을(를) 계절에 비유해 300자 내외의 짧은 에세이를 작성하라.,중간,"['우정', '꿈', '폭풍']",400
248,에세이,비유/은유 연습,‘후회’을(를) 사막처럼 묘사하며 독자의 상상을 자극하는 글을 작성하라.,어려움,"['바다', '철학', '희망']",350
249,에세이,비유/은유 연습,‘희망’을(를) 계절에 비유해 300자 내외의 짧은 에세이를 작성하라.,어려움,"['변화', '자연', '불꽃']",450
250,에세이,비유/은유 연습,‘희망’을(를) 우주으로 은유하여 감정적이면서도 철학적인 에세이를 써라.,중간,"['강물', '변화', '사랑']",450
251,에세이,비유/은유 연습,‘고독’을(를) 숲처럼 묘사하며 독자의 상상을 자극하는 글을 작성하라.,어려움,"['시간', '고독', '희망']",450
252,에세이,비유/은유 연습,‘전쟁’을(를) 숲으로 은유하여 감정적이면서도 철학적인 에세이를 써라.,중간,"['철학', '바다', '변화']",500
253,에세이,비유/은유 연습,‘행복’을(를) 폭풍에 비유해 300자 내외의 짧은 에세이를 작성하라.,어려움,"['시간', '꿈', '별']",450
254,에세이,비유/은유 연습,‘기억’을(를) 해와 달과(와) 연결해 삶의 의미를 탐구하는 짧은 글을 써라.,중간,"['사랑', '변화', '기억']",400
255,에세이,비유/은유 연습,‘청춘’을(를) 사막처럼 묘사하며 독자의 상상을 자극하는 글을 작성하라.,중간,"['고독', '변화', '강물']",450
256,에세이,비유/은유 연습,‘행복’과(와) 숲을(를) 대비시켜 대조적 은유로 350자 내외 글을 써라.,중간,"['고독', '기억', '여행']",450
257,에세이,비유/은유 연습,‘사랑’을(를) 숲처럼 묘사하며 독자의 상상을 자극하는 글을 작성하라.,어려움,"['별', '시간', '하늘']",400
258,에세이,비유/은유 연습,‘강물’을(를) 바다으로 은유하여 감정적이면서도 철학적인 에세이를 써라.,어려움,"['여행', '바다', '사랑']",400
259,에세이,비유/은유 연습,‘변화’을(를) 사막에 빗대어 희망적인 메시지가 담긴 글을 400자 내외로 작성하라.,어려움,"['자연', '시간', '폭풍']",300
260,에세이,비유/은유 연습,‘기억’을(를) 사막에 비유해 300자 내외의 짧은 에세이를 작성하라.,어려움,"['희망', '꿈', '별']",500
261,에세이,비유/은유 연습,‘기억’을(를) 폭풍과(와) 연결해 삶의 의미를 탐구하는 짧은 글을 써라.,중간,"['철학', '기억', '자연']",500
262,에세이,비유/은유 연습,‘사랑’과(와) 거울을(를) 대비시켜 대조적 은유로 350자 내외 글을 써라.,어려움,"['강물', '시간', '우정']",450
263,에세이,비유/은유 연습,비을(를) 활용해 ‘삶’의 본질을 은유적으로 표현한 500자 에세이를 작성하라.,쉬움,"['별', '시간', '사랑']",400
264,에세이,비유/은유 연습,‘시간’과(와) 계절을(를) 대비시켜 대조적 은유로 350자 내외 글을 써라.,쉬움,"['변화', '희망', '숲']",350
265,에세이,비유/은유 연습,‘청춘’을(를) 불꽃으로 은유하여 감정적이면서도 철학적인 에세이를 써라.,중간,"['계절', '하늘', '별']",350
266,에세이,비유/은유 연습,‘강물’을(를) 하늘에 빗대어 희망적인 메시지가 담긴 글을 400자 내외로 작성하라.,중간,"['기억', '하늘', '여행']",300
267,에세이,비유/은유 연습,불꽃을(를) 통해 ‘평화’의 변화를 비유로 풀어낸 450자 글을 작성하라.,쉬움,"['바다', '자연', '변화']",400
268,에세이,비유/은유 연습,‘시간’을(를) 바다과(와) 연결해 삶의 의미를 탐구하는 짧은 글을 써라.,중간,"['바다', '꿈', '죽음']",450
269,에세이,비유/은유 연습,‘자연’을(를) 폭풍에 빗대어 희망적인 메시지가 담긴 글을 400자 내외로 작성하라.,어려움,"['계절', '하늘', '사랑']",500
270,에세이,비유/은유 연습,‘전쟁’과(와) 해와 달을(를) 대비시켜 대조적 은유로 350자 내외 글을 써라.,중간,"['여행', '죽음', '변화']",500
271,에세이,비유/은유 연습,숲을(를) 활용해 ‘별’의 본질을 은유적으로 표현한 500자 에세이를 작성하라.,중간,"['시간', '고독', '사랑']",500
272,에세이,비유/은유 연습,바람을(를) 통해 ‘희망’의 변화를 비유로 풀어낸 450자 글을 작성하라.,중간,"['철학', '시간', '숲']",400
273,에세이,비유/은유 연습,‘고독’을(를) 폭풍과(와) 연결해 삶의 의미를 탐구하는 짧은 글을 써라.,중간,"['숲', '기억', '여행']",350
274,에세이,비유/은유 연습,‘후회’을(를) 모래시계에 비유해 300자 내외의 짧은 에세이를 작성하라.,쉬움,"['불꽃', '고독', '하늘']",450
275,에세이,비유/은유 연습,‘청춘’과(와) 파도을(를) 대비시켜 대조적 은유로 350자 내외 글을 써라.,어려움,"['숲', '강물', '시간']",300
276,에세이,비유/은유 연습,‘고독’을(를) 어둠으로 은유하여 감정적이면서도 철학적인 에세이를 써라.,쉬움,"['계절', '바다', '하늘']",300
277,에세이,비유/은유 연습,‘희망’을(를) 해와 달으로 은유하여 감정적이면서도 철학적인 에세이를 써라.,중간,"['자연', '철학', '기억']",350
278,에세이,비유/은유 연습,‘강물’과(와) 나무을(를) 대비시켜 대조적 은유로 350자 내외 글을 써라.,어려움,"['폭풍', '고독', '사랑']",400
279,에세이,비유/은유 연습,‘시간’과(와) 폭풍을(를) 대비시켜 대조적 은유로 350자 내외 글을 써라.,쉬움,"['희망', '숲', '기억']",450
280,에세이,비유/은유 연습,‘평화’을(를) 바다에 빗대어 희망적인 메시지가 담긴 글을 400자 내외로 작성하라.,어려움,"['바다', '희망', '죽음']",500
281,에세이,비유/은유 연습,‘우정’과(와) 꽃을(를) 대비시켜 대조적 은유로 350자 내외 글을 써라.,중간,"['변화', '자연', '폭풍']",450
282,에세이,비유/은유 연습,‘전쟁’을(를) 강물과(와) 연결해 삶의 의미를 탐구하는 짧은 글을 써라.,중간,"['기억', '여행', '사랑']",450
283,에세이,비유/은유 연습,불꽃을(를) 통해 ‘자연’의 변화를 비유로 풀어낸 450자 글을 작성하라.,어려움,"['하늘', '계절', '고독']",300
284,에세이,비유/은유 연습,구름을(를) 활용해 ‘희망’의 본질을 은유적으로 표현한 500자 에세이를 작성하라.,중간,"['사랑', '별', '고독']",300
285,에세이,비유/은유 연습,‘변화’을(를) 나무에 빗대어 희망적인 메시지가 담긴 글을 400자 내외로 작성하라.,쉬움,"['사랑', '변화', '고독']",450
286,에세이,비유/은유 연습,별빛을(를) 활용해 ‘평화’의 본질을 은유적으로 표현한 500자 에세이를 작성하라.,쉬움,"['기억', '희망', '철학']",500
287,에세이,비유/은유 연습,‘별’을(를) 꽃에 빗대어 희망적인 메시지가 담긴 글을 400자 내외로 작성하라.,어려움,"['여행', '숲', '꿈']",400
288,에세이,비유/은유 연습,‘전쟁’을(를) 강물으로 은유하여 감정적이면서도 철학적인 에세이를 써라.,쉬움,"['희망', '폭풍', '변화']",300
289,에세이,비유/은유 연습,‘기억’과(와) 계절을(를) 대비시켜 대조적 은유로 350자 내외 글을 써라.,쉬움,"['철학', '고독', '여행']",500
290,에세이,비유/은유 연습,‘시간’과(와) 강물을(를) 대비시켜 대조적 은유로 350자 내외 글을 써라.,쉬움,"['죽음', '계절', '숲']",400
291,에세이,비유/은유 연습,‘시간’과(와) 해와 달을(를) 대비시켜 대조적 은유로 350자 내외 글을 써라.,쉬움,"['우정', '별', '폭풍']",300
292,에세이,비유/은유 연습,‘가족’을(를) 모래시계으로 은유하여 감정적이면서도 철학적인 에세이를 써라.,어려움,"['철학', '자연', '기억']",350
293,에세이,비유/은유 연습,바람을(를) 활용해 ‘자연’의 본질을 은유적으로 표현한 500자 에세이를 작성하라.,중간,"['기억', '희망', '별']",300
294,에세이,비유/은유 연습,‘가족’을(를) 불꽃처럼 묘사하며 독자의 상상을 자극하는 글을 작성하라.,쉬움,"['폭풍', '시간', '고독']",450
295,에세이,비유/은유 연습,‘삶’을(를) 해와 달처럼 묘사하며 독자의 상상을 자극하는 글을 작성하라.,쉬움,"['숲', '계절', '꿈']",400
296,에세이,비유/은유 연습,‘기억’을(를) 구름과(와) 연결해 삶의 의미를 탐구하는 짧은 글을 써라.,어려움,"['폭풍', '계절', '바다']",300
297,에세이,비유/은유 연습,‘청춘’을(를) 사막에 비유해 300자 내외의 짧은 에세이를 작성하라.,어려움,"['폭풍', '강물', '꿈']",400
298,에세이,비유/은유 연습,‘고독’을(를) 바다에 비유해 300자 내외의 짧은 에세이를 작성하라.,중간,"['기억', '사랑', '계절']",400
299,에세이,비유/은유 연습,‘도시’을(를) 파도과(와) 연결해 삶의 의미를 탐구하는 짧은 글을 써라.,쉬움,"['우정', '죽음', '사랑']",350
300,에세이,비유/은유 연습,폭풍을(를) 통해 ‘우정’의 변화를 비유로 풀어낸 450자 글을 작성하라.,어려움,"['별', '폭풍', '철학']",450
301,에세이,비유/은유 연습,‘불안’과(와) 도시의 불빛을(를) 조합해 인생의 여정을 비유적으로 풀어내라.,어려움,"['불꽃', '희망', '죽음']",300
302,에세이,비유/은유 연습,어린 나무을(를) 비유로 사용해 ‘기쁨’에 관한 철학적 성찰을 담은 글을 작성하라.,어려움,"['변화', '고독', '우정']",450
303,에세이,비유/은유 연습,‘미래’을(를) 눈으로 상징화하여 감정적 여운을 남기는 글을 작성하라.,중간,"['여행', '변화', '고독']",300
304,에세이,비유/은유 연습,‘고통’과(와) 비밀스러운 길의 관계를 은유로 연결해 450자 글을 써라.,어려움,"['바다', '변화', '사랑']",400
305,에세이,비유/은유 연습,‘용기’과(와) 도시의 불빛의 관계를 은유로 연결해 450자 글을 써라.,중간,"['계절', '폭풍', '숲']",400
306,에세이,비유/은유 연습,별똥별의 특징을 활용하여 ‘불안’을(를) 상징적으로 표현한 글을 300자 내외로 써라.,쉬움,"['희망', '계절', '꿈']",500
307,에세이,비유/은유 연습,‘욕망’과(와) 고요한 호수의 관계를 은유로 연결해 450자 글을 써라.,쉬움,"['꿈', '사랑', '희망']",300
308,에세이,비유/은유 연습,‘성장’과(와) 안개의 관계를 은유로 연결해 450자 글을 써라.,쉬움,"['별', '바다', '여행']",400
309,에세이,비유/은유 연습,‘고통’을(를) 종이배에 빗대어 350자 내외의 시적 에세이를 작성하라.,쉬움,"['죽음', '별', '기억']",450
310,에세이,비유/은유 연습,‘용기’과(와) 안개을(를) 조합해 인생의 여정을 비유적으로 풀어내라.,중간,"['시간', '죽음', '사랑']",300
311,에세이,비유/은유 연습,‘운명’을(를) 산맥에 빗대어 350자 내외의 시적 에세이를 작성하라.,쉬움,"['꿈', '희망', '별']",300
312,에세이,비유/은유 연습,어린 나무을(를) 비유로 사용해 ‘침묵’에 관한 철학적 성찰을 담은 글을 작성하라.,어려움,"['별', '하늘', '꿈']",300
313,에세이,비유/은유 연습,‘정의’을(를) 고래처럼 묘사하며 몽환적인 분위기를 주는 글을 500자 내외로 작성하라.,어려움,"['고독', '우정', '철학']",400
314,에세이,비유/은유 연습,안개의 특징을 활용하여 ‘정의’을(를) 상징적으로 표현한 글을 300자 내외로 써라.,중간,"['희망', '우정', '강물']",350
315,에세이,비유/은유 연습,‘인생’을(를) 종이배처럼 묘사하며 몽환적인 분위기를 주는 글을 500자 내외로 작성하라.,쉬움,"['시간', '변화', '바다']",400
316,에세이,비유/은유 연습,이슬의 특징을 활용하여 ‘운명’을(를) 상징적으로 표현한 글을 300자 내외로 써라.,어려움,"['자연', '고독', '죽음']",400
317,에세이,비유/은유 연습,달빛의 특징을 활용하여 ‘용기’을(를) 상징적으로 표현한 글을 300자 내외로 써라.,쉬움,"['별', '불꽃', '하늘']",500
318,에세이,비유/은유 연습,불씨을(를) 통해 ‘욕망’의 본질을 풍유적으로 탐구하는 400자 글을 써라.,어려움,"['변화', '시간', '고독']",300
319,에세이,비유/은유 연습,‘욕망’과(와) 눈의 관계를 은유로 연결해 450자 글을 써라.,어려움,"['자연', '계절', '꿈']",400
320,에세이,비유/은유 연습,‘불안’을(를) 흐르는 구름처럼 묘사하며 몽환적인 분위기를 주는 글을 500자 내외로 작성하라.,쉬움,"['바다', '꿈', '기억']",450
321,에세이,비유/은유 연습,‘두려움’과(와) 폭우의 관계를 은유로 연결해 450자 글을 써라.,중간,"['숲', '사랑', '변화']",300
322,에세이,비유/은유 연습,‘정의’을(를) 산맥으로 상징화하여 감정적 여운을 남기는 글을 작성하라.,쉬움,"['고독', '변화', '희망']",500
323,에세이,비유/은유 연습,‘고통’과(와) 도시의 불빛의 관계를 은유로 연결해 450자 글을 써라.,쉬움,"['사랑', '별', '자연']",350
324,에세이,비유/은유 연습,산맥의 특징을 활용하여 ‘자유’을(를) 상징적으로 표현한 글을 300자 내외로 써라.,어려움,"['계절', '철학', '희망']",400
325,에세이,비유/은유 연습,흐르는 구름을(를) 비유로 사용해 ‘두려움’에 관한 철학적 성찰을 담은 글을 작성하라.,쉬움,"['여행', '불꽃', '기억']",300
326,에세이,비유/은유 연습,‘갈등’을(를) 흐르는 구름처럼 묘사하며 몽환적인 분위기를 주는 글을 500자 내외로 작성하라.,어려움,"['시간', '계절', '자연']",450
327,에세이,비유/은유 연습,‘고통’과(와) 산맥의 관계를 은유로 연결해 450자 글을 써라.,어려움,"['숲', '철학', '계절']",300
328,에세이,비유/은유 연습,‘운명’과(와) 강풍을(를) 조합해 인생의 여정을 비유적으로 풀어내라.,어려움,"['죽음', '고독', '꿈']",300
329,에세이,비유/은유 연습,강풍의 특징을 활용하여 ‘열정’을(를) 상징적으로 표현한 글을 300자 내외로 써라.,쉬움,"['여행', '죽음', '꿈']",350
330,에세이,비유/은유 연습,‘운명’과(와) 강풍을(를) 조합해 인생의 여정을 비유적으로 풀어내라.,어려움,"['강물', '꿈', '불꽃']",450
331,에세이,비유/은유 연습,‘침묵’을(를) 고래처럼 묘사하며 몽환적인 분위기를 주는 글을 500자 내외로 작성하라.,어려움,"['별', '하늘', '우정']",400
332,에세이,비유/은유 연습,‘운명’과(와) 종이배을(를) 조합해 인생의 여정을 비유적으로 풀어내라.,중간,"['기억', '자연', '계절']",400
333,에세이,비유/은유 연습,불빛을(를) 통해 ‘배신’의 본질을 풍유적으로 탐구하는 400자 글을 써라.,어려움,"['계절', '불꽃', '죽음']",350
334,에세이,비유/은유 연습,바위의 특징을 활용하여 ‘고통’을(를) 상징적으로 표현한 글을 300자 내외로 써라.,중간,"['고독', '별', '숲']",300
335,에세이,비유/은유 연습,흐르는 구름을(를) 비유로 사용해 ‘책임’에 관한 철학적 성찰을 담은 글을 작성하라.,쉬움,"['하늘', '불꽃', '철학']",450
336,에세이,비유/은유 연습,‘책임’을(를) 흐르는 구름에 빗대어 350자 내외의 시적 에세이를 작성하라.,쉬움,"['별', '희망', '강물']",450
337,에세이,비유/은유 연습,‘추억’을(를) 비밀스러운 길처럼 묘사하며 몽환적인 분위기를 주는 글을 500자 내외로 작성하라.,쉬움,"['변화', '우정', '사랑']",450
338,에세이,비유/은유 연습,‘열정’을(를) 별똥별에 빗대어 350자 내외의 시적 에세이를 작성하라.,쉬움,"['기억', '시간', '폭풍']",500
339,에세이,비유/은유 연습,깊은 바다의 특징을 활용하여 ‘풍요’을(를) 상징적으로 표현한 글을 300자 내외로 써라.,어려움,"['자연', '숲', '철학']",450
340,에세이,비유/은유 연습,‘침묵’을(를) 비밀스러운 길처럼 묘사하며 몽환적인 분위기를 주는 글을 500자 내외로 작성하라.,중간,"['기억', '죽음', '계절']",350
341,에세이,비유/은유 연습,이슬을(를) 비유로 사용해 ‘기쁨’에 관한 철학적 성찰을 담은 글을 작성하라.,어려움,"['우정', '꿈', '폭풍']",300
342,에세이,비유/은유 연습,고래을(를) 비유로 사용해 ‘자유’에 관한 철학적 성찰을 담은 글을 작성하라.,어려움,"['계절', '폭풍', '바다']",400
343,에세이,비유/은유 연습,‘추억’을(를) 종이배에 빗대어 350자 내외의 시적 에세이를 작성하라.,중간,"['시간', '변화', '죽음']",450
344,에세이,비유/은유 연습,‘미래’을(를) 비밀스러운 길에 빗대어 350자 내외의 시적 에세이를 작성하라.,쉬움,"['폭풍', '변화', '불꽃']",300
345,에세이,비유/은유 연습,깊은 바다의 특징을 활용하여 ‘두려움’을(를) 상징적으로 표현한 글을 300자 내외로 써라.,쉬움,"['변화', '우정', '계절']",400
346,에세이,비유/은유 연습,비밀스러운 길의 특징을 활용하여 ‘자유’을(를) 상징적으로 표현한 글을 300자 내외로 써라.,중간,"['여행', '별', '희망']",300
347,에세이,비유/은유 연습,불씨을(를) 통해 ‘두려움’의 본질을 풍유적으로 탐구하는 400자 글을 써라.,어려움,"['꿈', '숲', '희망']",400
348,에세이,비유/은유 연습,‘고통’과(와) 종이배의 관계를 은유로 연결해 450자 글을 써라.,중간,"['자연', '죽음', '별']",450
349,에세이,비유/은유 연습,별똥별의 특징을 활용하여 ‘용기’을(를) 상징적으로 표현한 글을 300자 내외로 써라.,쉬움,"['꿈', '기억', '여행']",400
350,에세이,비유/은유 연습,‘행운’과(와) 달빛을(를) 조합해 인생의 여정을 비유적으로 풀어내라.,쉬움,"['죽음', '변화', '시간']",400
351,에세이,비유/은유 연습,강풍을(를) 비유로 사용해 ‘미래’에 관한 철학적 성찰을 담은 글을 작성하라.,중간,"['시간', '여행', '우정']",450
352,에세이,비유/은유 연습,별똥별의 특징을 활용하여 ‘미래’을(를) 상징적으로 표현한 글을 300자 내외로 써라.,어려움,"['불꽃', '별', '하늘']",500
353,에세이,비유/은유 연습,‘운명’과(와) 달빛의 관계를 은유로 연결해 450자 글을 써라.,중간,"['별', '희망', '자연']",400
354,에세이,비유/은유 연습,눈을(를) 비유로 사용해 ‘두려움’에 관한 철학적 성찰을 담은 글을 작성하라.,쉬움,"['사랑', '변화', '계절']",500
355,에세이,비유/은유 연습,이슬을(를) 비유로 사용해 ‘침묵’에 관한 철학적 성찰을 담은 글을 작성하라.,쉬움,"['숲', '불꽃', '시간']",350
356,에세이,비유/은유 연습,바위의 특징을 활용하여 ‘배신’을(를) 상징적으로 표현한 글을 300자 내외로 써라.,어려움,"['희망', '여행', '계절']",400
357,에세이,비유/은유 연습,고래을(를) 통해 ‘인생’의 본질을 풍유적으로 탐구하는 400자 글을 써라.,중간,"['하늘', '꿈', '여행']",500
358,에세이,비유/은유 연습,폭우의 특징을 활용하여 ‘용기’을(를) 상징적으로 표현한 글을 300자 내외로 써라.,중간,"['계절', '하늘', '별']",400
359,에세이,비유/은유 연습,‘기쁨’과(와) 강풍의 관계를 은유로 연결해 450자 글을 써라.,어려움,"['하늘', '꿈', '계절']",450
360,에세이,비유/은유 연습,별똥별의 특징을 활용하여 ‘불안’을(를) 상징적으로 표현한 글을 300자 내외로 써라.,중간,"['불꽃', '기억', '폭풍']",300
361,에세이,비유/은유 연습,‘기쁨’과(와) 종이배을(를) 조합해 인생의 여정을 비유적으로 풀어내라.,쉬움,"['희망', '시간', '꿈']",450
362,에세이,비유/은유 연습,‘성장’을(를) 종이배에 빗대어 350자 내외의 시적 에세이를 작성하라.,어려움,"['하늘', '고독', '변화']",400
363,에세이,비유/은유 연습,‘행운’을(를) 고요한 호수으로 상징화하여 감정적 여운을 남기는 글을 작성하라.,쉬움,"['바다', '죽음', '변화']",300
364,에세이,비유/은유 연습,‘행운’과(와) 강풍의 관계를 은유로 연결해 450자 글을 써라.,중간,"['고독', '폭풍', '하늘']",500
365,에세이,비유/은유 연습,바위을(를) 통해 ‘인생’의 본질을 풍유적으로 탐구하는 400자 글을 써라.,어려움,"['꿈', '여행', '변화']",400
366,에세이,비유/은유 연습,눈을(를) 비유로 사용해 ‘갈등’에 관한 철학적 성찰을 담은 글을 작성하라.,어려움,"['사랑', '변화', '폭풍']",450
367,에세이,비유/은유 연습,‘배신’을(를) 고요한 호수처럼 묘사하며 몽환적인 분위기를 주는 글을 500자 내외로 작성하라.,중간,"['사랑', '자연', '숲']",400
368,에세이,비유/은유 연습,어린 나무을(를) 비유로 사용해 ‘풍요’에 관한 철학적 성찰을 담은 글을 작성하라.,어려움,"['우정', '여행', '변화']",350
369,에세이,비유/은유 연습,‘열정’을(를) 비밀스러운 길에 빗대어 350자 내외의 시적 에세이를 작성하라.,어려움,"['폭풍', '바다', '계절']",450
370,에세이,비유/은유 연습,‘인생’을(를) 산맥처럼 묘사하며 몽환적인 분위기를 주는 글을 500자 내외로 작성하라.,중간,"['꿈', '여행', '계절']",500
371,에세이,비유/은유 연습,‘침묵’을(를) 흐르는 구름으로 상징화하여 감정적 여운을 남기는 글을 작성하라.,쉬움,"['시간', '희망', '여행']",350
372,에세이,비유/은유 연습,‘침묵’과(와) 별똥별의 관계를 은유로 연결해 450자 글을 써라.,어려움,"['시간', '폭풍', '불꽃']",350
373,에세이,비유/은유 연습,고요한 호수의 특징을 활용하여 ‘기쁨’을(를) 상징적으로 표현한 글을 300자 내외로 써라.,어려움,"['하늘', '계절', '사랑']",450
374,에세이,비유/은유 연습,‘풍요’을(를) 어린 나무으로 상징화하여 감정적 여운을 남기는 글을 작성하라.,어려움,"['숲', '여행', '우정']",300
375,에세이,비유/은유 연습,‘두려움’과(와) 종이배을(를) 조합해 인생의 여정을 비유적으로 풀어내라.,어려움,"['희망', '죽음', '꿈']",500
376,에세이,비유/은유 연습,‘자유’을(를) 바위처럼 묘사하며 몽환적인 분위기를 주는 글을 500자 내외로 작성하라.,어려움,"['시간', '계절', '변화']",450
377,에세이,비유/은유 연습,‘인생’과(와) 유리병의 관계를 은유로 연결해 450자 글을 써라.,쉬움,"['희망', '불꽃', '폭풍']",400
378,에세이,비유/은유 연습,‘기쁨’을(를) 별똥별에 빗대어 350자 내외의 시적 에세이를 작성하라.,어려움,"['사랑', '고독', '희망']",300
379,에세이,비유/은유 연습,바위의 특징을 활용하여 ‘갈등’을(를) 상징적으로 표현한 글을 300자 내외로 써라.,쉬움,"['숲', '폭풍', '하늘']",400
380,에세이,비유/은유 연습,‘책임’과(와) 바위을(를) 조합해 인생의 여정을 비유적으로 풀어내라.,어려움,"['우정', '자연', '폭풍']",350
381,에세이,비유/은유 연습,어린 나무을(를) 통해 ‘성장’의 본질을 풍유적으로 탐구하는 400자 글을 써라.,쉬움,"['계절', '고독', '변화']",350
382,에세이,비유/은유 연습,‘열정’을(를) 고요한 호수에 빗대어 350자 내외의 시적 에세이를 작성하라.,어려움,"['기억', '죽음', '하늘']",450
383,에세이,비유/은유 연습,‘자유’을(를) 안개처럼 묘사하며 몽환적인 분위기를 주는 글을 500자 내외로 작성하라.,중간,"['변화', '기억', '시간']",350
384,에세이,비유/은유 연습,눈의 특징을 활용하여 ‘자유’을(를) 상징적으로 표현한 글을 300자 내외로 써라.,쉬움,"['희망', '숲', '하늘']",350
385,에세이,비유/은유 연습,‘침묵’을(를) 눈에 빗대어 350자 내외의 시적 에세이를 작성하라.,쉬움,"['계절', '기억', '강물']",300
386,에세이,비유/은유 연습,‘풍요’을(를) 눈에 빗대어 350자 내외의 시적 에세이를 작성하라.,중간,"['바다', '희망', '철학']",300
387,에세이,비유/은유 연습,‘갈등’과(와) 종이배의 관계를 은유로 연결해 450자 글을 써라.,쉬움,"['강물', '죽음', '불꽃']",400
388,에세이,비유/은유 연습,‘배신’과(와) 별똥별의 관계를 은유로 연결해 450자 글을 써라.,어려움,"['철학', '바다', '꿈']",400
389,에세이,비유/은유 연습,‘욕망’과(와) 어린 나무의 관계를 은유로 연결해 450자 글을 써라.,쉬움,"['바다', '불꽃', '자연']",300
390,에세이,비유/은유 연습,‘풍요’을(를) 도시의 불빛처럼 묘사하며 몽환적인 분위기를 주는 글을 500자 내외로 작성하라.,중간,"['시간', '바다', '꿈']",450
391,에세이,비유/은유 연습,유리병을(를) 통해 ‘성장’의 본질을 풍유적으로 탐구하는 400자 글을 써라.,쉬움,"['하늘', '불꽃', '시간']",500
392,에세이,비유/은유 연습,‘불안’을(를) 달빛처럼 묘사하며 몽환적인 분위기를 주는 글을 500자 내외로 작성하라.,어려움,"['강물', '계절', '바다']",300
393,에세이,비유/은유 연습,‘침묵’을(를) 불씨에 빗대어 350자 내외의 시적 에세이를 작성하라.,중간,"['죽음', '철학', '바다']",400
394,에세이,비유/은유 연습,‘침묵’을(를) 종이배에 빗대어 350자 내외의 시적 에세이를 작성하라.,쉬움,"['자연', '기억', '하늘']",350
395,에세이,비유/은유 연습,어린 나무의 특징을 활용하여 ‘욕망’을(를) 상징적으로 표현한 글을 300자 내외로 써라.,중간,"['사랑', '죽음', '희망']",350
396,에세이,비유/은유 연습,‘행운’을(를) 불빛으로 상징화하여 감정적 여운을 남기는 글을 작성하라.,쉬움,"['기억', '자연', '희망']",400
397,에세이,비유/은유 연습,‘성장’을(를) 어린 나무에 빗대어 350자 내외의 시적 에세이를 작성하라.,어려움,"['자연', '불꽃', '폭풍']",400
398,에세이,비유/은유 연습,‘갈등’과(와) 강풍의 관계를 은유로 연결해 450자 글을 써라.,어려움,"['강물', '고독', '기억']",500
399,에세이,비유/은유 연습,고래을(를) 비유로 사용해 ‘풍요’에 관한 철학적 성찰을 담은 글을 작성하라.,어려움,"['자연', '고독', '철학']",400
400,에세이,비유/은유 연습,‘추억’과(와) 불빛을(를) 조합해 인생의 여정을 비유적으로 풀어내라.,쉬움,"['고독', '우정', '죽음']",400
401,에세이,비유/은유 연습,‘운명’과(와) 달빛의 관계를 은유로 연결해 450자 글을 써라.,중간,"['희망', '사랑', '계절']",350
402,에세이,비유/은유 연습,고래의 특징을 활용하여 ‘풍요’을(를) 상징적으로 표현한 글을 300자 내외로 써라.,쉬움,"['별', '우정', '불꽃']",450
403,에세이,비유/은유 연습,도시의 불빛을(를) 통해 ‘미래’의 본질을 풍유적으로 탐구하는 400자 글을 써라.,중간,"['하늘', '숲', '폭풍']",450
404,에세이,비유/은유 연습,‘갈등’을(를) 비밀스러운 길에 빗대어 350자 내외의 시적 에세이를 작성하라.,중간,"['여행', '희망', '자연']",350
405,에세이,비유/은유 연습,‘욕망’과(와) 깊은 바다을(를) 조합해 인생의 여정을 비유적으로 풀어내라.,어려움,"['하늘', '꿈', '변화']",450
406,에세이,비유/은유 연습,‘열정’을(를) 산맥에 빗대어 350자 내외의 시적 에세이를 작성하라.,중간,"['꿈', '희망', '불꽃']",300
407,에세이,비유/은유 연습,‘정의’과(와) 유리병의 관계를 은유로 연결해 450자 글을 써라.,중간,"['변화', '별', '사랑']",400
408,에세이,비유/은유 연습,눈의 특징을 활용하여 ‘기쁨’을(를) 상징적으로 표현한 글을 300자 내외로 써라.,쉬움,"['우정', '불꽃', '꿈']",500
409,에세이,비유/은유 연습,‘인생’을(를) 산맥에 빗대어 350자 내외의 시적 에세이를 작성하라.,쉬움,"['시간', '변화', '숲']",500
410,에세이,비유/은유 연습,‘두려움’을(를) 유리병에 빗대어 350자 내외의 시적 에세이를 작성하라.,중간,"['시간', '철학', '숲']",400
411,에세이,비유/은유 연습,깊은 바다의 특징을 활용하여 ‘성장’을(를) 상징적으로 표현한 글을 300자 내외로 써라.,쉬움,"['불꽃', '폭풍', '숲']",350
412,에세이,비유/은유 연습,‘미래’을(를) 불빛으로 상징화하여 감정적 여운을 남기는 글을 작성하라.,중간,"['꿈', '희망', '우정']",300
413,에세이,비유/은유 연습,‘불안’을(를) 강풍에 빗대어 350자 내외의 시적 에세이를 작성하라.,쉬움,"['우정', '바다', '시간']",300
414,에세이,비유/은유 연습,‘인생’을(를) 불씨처럼 묘사하며 몽환적인 분위기를 주는 글을 500자 내외로 작성하라.,쉬움,"['하늘', '희망', '자연']",400
415,에세이,비유/은유 연습,‘기쁨’을(를) 어린 나무에 빗대어 350자 내외의 시적 에세이를 작성하라.,중간,"['사랑', '숲', '희망']",350
416,에세이,비유/은유 연습,‘불안’을(를) 깊은 바다으로 상징화하여 감정적 여운을 남기는 글을 작성하라.,중간,"['여행', '별', '희망']",350
417,에세이,비유/은유 연습,‘기쁨’을(를) 산맥으로 상징화하여 감정적 여운을 남기는 글을 작성하라.,중간,"['강물', '고독', '꿈']",350
418,에세이,비유/은유 연습,‘풍요’을(를) 종이배에 빗대어 350자 내외의 시적 에세이를 작성하라.,어려움,"['여행', '강물', '철학']",500
419,에세이,비유/은유 연습,바위의 특징을 활용하여 ‘추억’을(를) 상징적으로 표현한 글을 300자 내외로 써라.,쉬움,"['하늘', '희망', '죽음']",450
420,에세이,비유/은유 연습,바위의 특징을 활용하여 ‘정의’을(를) 상징적으로 표현한 글을 300자 내외로 써라.,쉬움,"['별', '불꽃', '자연']",300
421,에세이,비유/은유 연습,‘갈등’을(를) 눈처럼 묘사하며 몽환적인 분위기를 주는 글을 500자 내외로 작성하라.,어려움,"['변화', '기억', '희망']",500
422,에세이,비유/은유 연습,‘용기’을(를) 강풍에 빗대어 350자 내외의 시적 에세이를 작성하라.,중간,"['희망', '폭풍', '고독']",350
423,에세이,비유/은유 연습,‘풍요’과(와) 유리병의 관계를 은유로 연결해 450자 글을 써라.,쉬움,"['별', '불꽃', '숲']",300
424,에세이,비유/은유 연습,‘정의’을(를) 바위에 빗대어 350자 내외의 시적 에세이를 작성하라.,어려움,"['고독', '사랑', '바다']",300
425,에세이,비유/은유 연습,비밀스러운 길을(를) 비유로 사용해 ‘기쁨’에 관한 철학적 성찰을 담은 글을 작성하라.,중간,"['별', '자연', '강물']",350
426,에세이,비유/은유 연습,고요한 호수을(를) 비유로 사용해 ‘정의’에 관한 철학적 성찰을 담은 글을 작성하라.,중간,"['꿈', '하늘', '시간']",450
427,에세이,비유/은유 연습,‘풍요’을(를) 별똥별처럼 묘사하며 몽환적인 분위기를 주는 글을 500자 내외로 작성하라.,중간,"['사랑', '강물', '시간']",400
428,에세이,비유/은유 연습,‘미래’과(와) 종이배의 관계를 은유로 연결해 450자 글을 써라.,중간,"['자연', '폭풍', '강물']",450
429,에세이,비유/은유 연습,달빛을(를) 통해 ‘갈등’의 본질을 풍유적으로 탐구하는 400자 글을 써라.,어려움,"['철학', '고독', '바다']",400
430,에세이,비유/은유 연습,‘추억’을(를) 도시의 불빛에 빗대어 350자 내외의 시적 에세이를 작성하라.,쉬움,"['불꽃', '꿈', '변화']",450
431,에세이,비유/은유 연습,‘책임’을(를) 별똥별처럼 묘사하며 몽환적인 분위기를 주는 글을 500자 내외로 작성하라.,쉬움,"['시간', '철학', '고독']",350
432,에세이,비유/은유 연습,‘풍요’을(를) 흐르는 구름처럼 묘사하며 몽환적인 분위기를 주는 글을 500자 내외로 작성하라.,어려움,"['꿈', '우정', '자연']",300
433,에세이,비유/은유 연습,눈을(를) 비유로 사용해 ‘불안’에 관한 철학적 성찰을 담은 글을 작성하라.,쉬움,"['꿈', '변화', '강물']",400
434,에세이,비유/은유 연습,‘운명’을(를) 종이배으로 상징화하여 감정적 여운을 남기는 글을 작성하라.,쉬움,"['희망', '우정', '계절']",500
435,에세이,비유/은유 연습,‘추억’을(를) 불씨처럼 묘사하며 몽환적인 분위기를 주는 글을 500자 내외로 작성하라.,중간,"['철학', '변화', '자연']",500
436,에세이,비유/은유 연습,‘미래’을(를) 비밀스러운 길처럼 묘사하며 몽환적인 분위기를 주는 글을 500자 내외로 작성하라.,중간,"['기억', '변화', '별']",400
437,에세이,비유/은유 연습,‘고통’과(와) 도시의 불빛의 관계를 은유로 연결해 450자 글을 써라.,어려움,"['불꽃', '우정', '변화']",450
438,에세이,비유/은유 연습,‘성장’을(를) 유리병으로 상징화하여 감정적 여운을 남기는 글을 작성하라.,중간,"['우정', '별', '희망']",450
439,에세이,비유/은유 연습,폭우의 특징을 활용하여 ‘정의’을(를) 상징적으로 표현한 글을 300자 내외로 써라.,중간,"['하늘', '숲', '죽음']",350
440,에세이,비유/은유 연습,‘추억’을(를) 안개으로 상징화하여 감정적 여운을 남기는 글을 작성하라.,중간,"['꿈', '폭풍', '고독']",450
441,에세이,비유/은유 연습,불빛을(를) 비유로 사용해 ‘용기’에 관한 철학적 성찰을 담은 글을 작성하라.,중간,"['바다', '희망', '강물']",500
442,에세이,비유/은유 연습,‘열정’과(와) 달빛을(를) 조합해 인생의 여정을 비유적으로 풀어내라.,중간,"['우정', '바다', '계절']",350
443,에세이,비유/은유 연습,폭우을(를) 통해 ‘인생’의 본질을 풍유적으로 탐구하는 400자 글을 써라.,어려움,"['꿈', '계절', '폭풍']",500
444,에세이,비유/은유 연습,‘자유’을(를) 불빛처럼 묘사하며 몽환적인 분위기를 주는 글을 500자 내외로 작성하라.,어려움,"['별', '불꽃', '꿈']",450
445,에세이,비유/은유 연습,‘인생’과(와) 달빛을(를) 조합해 인생의 여정을 비유적으로 풀어내라.,중간,"['별', '변화', '숲']",400
446,에세이,비유/은유 연습,바위의 특징을 활용하여 ‘갈등’을(를) 상징적으로 표현한 글을 300자 내외로 써라.,중간,"['계절', '죽음', '고독']",450
447,에세이,비유/은유 연습,‘갈등’을(를) 눈처럼 묘사하며 몽환적인 분위기를 주는 글을 500자 내외로 작성하라.,쉬움,"['강물', '시간', '변화']",350
448,에세이,비유/은유 연습,‘배신’과(와) 별똥별의 관계를 은유로 연결해 450자 글을 써라.,중간,"['폭풍', '고독', '별']",500
449,에세이,비유/은유 연습,‘미래’과(와) 폭우을(를) 조합해 인생의 여정을 비유적으로 풀어내라.,중간,"['하늘', '사랑', '우정']",400
450,에세이,비유/은유 연습,‘고통’을(를) 유리병으로 상징화하여 감정적 여운을 남기는 글을 작성하라.,쉬움,"['변화', '별', '불꽃']",350
451,에세이,비유/은유 연습,‘용기’과(와) 안개을(를) 조합해 인생의 여정을 비유적으로 풀어내라.,쉬움,"['여행', '폭풍', '고독']",350
452,에세이,비유/은유 연습,불씨을(를) 비유로 사용해 ‘풍요’에 관한 철학적 성찰을 담은 글을 작성하라.,중간,"['숲', '불꽃', '별']",300
453,에세이,비유/은유 연습,‘추억’과(와) 고요한 호수의 관계를 은유로 연결해 450자 글을 써라.,어려움,"['기억', '우정', '바다']",500
454,에세이,비유/은유 연습,고래을(를) 통해 ‘자유’의 본질을 풍유적으로 탐구하는 400자 글을 써라.,어려움,"['희망', '하늘', '죽음']",450
455,에세이,비유/은유 연습,‘고통’과(와) 바위의 관계를 은유로 연결해 450자 글을 써라.,중간,"['하늘', '사랑', '죽음']",300
456,에세이,비유/은유 연습,‘기쁨’을(를) 불씨에 빗대어 350자 내외의 시적 에세이를 작성하라.,어려움,"['폭풍', '여행', '꿈']",450
457,에세이,비유/은유 연습,‘운명’과(와) 불빛을(를) 조합해 인생의 여정을 비유적으로 풀어내라.,중간,"['기억', '별', '계절']",500
458,에세이,비유/은유 연습,눈의 특징을 활용하여 ‘풍요’을(를) 상징적으로 표현한 글을 300자 내외로 써라.,쉬움,"['시간', '숲', '사랑']",300
459,에세이,비유/은유 연습,‘욕망’과(와) 바위의 관계를 은유로 연결해 450자 글을 써라.,어려움,"['고독', '철학', '사랑']",450
460,에세이,비유/은유 연습,도시의 불빛을(를) 통해 ‘배신’의 본질을 풍유적으로 탐구하는 400자 글을 써라.,어려움,"['자연', '고독', '우정']",300
461,에세이,비유/은유 연습,고요한 호수의 특징을 활용하여 ‘운명’을(를) 상징적으로 표현한 글을 300자 내외로 써라.,쉬움,"['불꽃', '자연', '죽음']",350
462,에세이,비유/은유 연습,도시의 불빛의 특징을 활용하여 ‘욕망’을(를) 상징적으로 표현한 글을 300자 내외로 써라.,쉬움,"['시간', '고독', '여행']",450
463,에세이,비유/은유 연습,바위을(를) 비유로 사용해 ‘용기’에 관한 철학적 성찰을 담은 글을 작성하라.,쉬움,"['숲', '불꽃', '강물']",350
464,에세이,비유/은유 연습,어린 나무을(를) 통해 ‘정의’의 본질을 풍유적으로 탐구하는 400자 글을 써라.,어려움,"['기억', '폭풍', '여행']",300
465,에세이,비유/은유 연습,도시의 불빛을(를) 통해 ‘기쁨’의 본질을 풍유적으로 탐구하는 400자 글을 써라.,쉬움,"['계절', '희망', '철학']",450
466,에세이,비유/은유 연습,‘두려움’을(를) 안개으로 상징화하여 감정적 여운을 남기는 글을 작성하라.,어려움,"['강물', '변화', '고독']",450
467,에세이,비유/은유 연습,‘두려움’을(를) 종이배으로 상징화하여 감정적 여운을 남기는 글을 작성하라.,쉬움,"['우정', '숲', '기억']",450
468,에세이,비유/은유 연습,‘침묵’과(와) 별똥별을(를) 조합해 인생의 여정을 비유적으로 풀어내라.,중간,"['계절', '죽음', '불꽃']",400
469,에세이,비유/은유 연습,‘열정’과(와) 이슬의 관계를 은유로 연결해 450자 글을 써라.,쉬움,"['우정', '자연', '사랑']",300
470,에세이,비유/은유 연습,‘인생’을(를) 불빛으로 상징화하여 감정적 여운을 남기는 글을 작성하라.,중간,"['철학', '강물', '기억']",500
471,에세이,비유/은유 연습,‘두려움’을(를) 유리병에 빗대어 350자 내외의 시적 에세이를 작성하라.,어려움,"['변화', '폭풍', '꿈']",350
472,에세이,비유/은유 연습,‘욕망’과(와) 흐르는 구름을(를) 조합해 인생의 여정을 비유적으로 풀어내라.,쉬움,"['시간', '사랑', '희망']",300
473,에세이,비유/은유 연습,‘행운’을(를) 바위으로 상징화하여 감정적 여운을 남기는 글을 작성하라.,어려움,"['별', '철학', '희망']",450
474,에세이,비유/은유 연습,깊은 바다을(를) 통해 ‘불안’의 본질을 풍유적으로 탐구하는 400자 글을 써라.,쉬움,"['철학', '꿈', '숲']",350
475,에세이,비유/은유 연습,‘인생’을(를) 유리병처럼 묘사하며 몽환적인 분위기를 주는 글을 500자 내외로 작성하라.,중간,"['사랑', '꿈', '폭풍']",300
476,에세이,비유/은유 연습,‘추억’과(와) 불씨을(를) 조합해 인생의 여정을 비유적으로 풀어내라.,어려움,"['철학', '불꽃', '꿈']",450
477,에세이,비유/은유 연습,‘추억’과(와) 산맥을(를) 조합해 인생의 여정을 비유적으로 풀어내라.,중간,"['계절', '폭풍', '고독']",350
478,에세이,비유/은유 연습,강풍의 특징을 활용하여 ‘풍요’을(를) 상징적으로 표현한 글을 300자 내외로 써라.,중간,"['강물', '여행', '하늘']",450
479,에세이,비유/은유 연습,‘풍요’과(와) 어린 나무을(를) 조합해 인생의 여정을 비유적으로 풀어내라.,어려움,"['하늘', '별', '바다']",300
480,에세이,비유/은유 연습,‘기쁨’을(를) 어린 나무처럼 묘사하며 몽환적인 분위기를 주는 글을 500자 내외로 작성하라.,어려움,"['희망', '철학', '폭풍']",400
481,에세이,비유/은유 연습,‘배신’과(와) 별똥별을(를) 조합해 인생의 여정을 비유적으로 풀어내라.,어려움,"['별', '숲', '희망']",450
482,에세이,비유/은유 연습,‘용기’을(를) 고래처럼 묘사하며 몽환적인 분위기를 주는 글을 500자 내외로 작성하라.,어려움,"['꿈', '죽음', '고독']",450
483,에세이,비유/은유 연습,‘침묵’과(와) 깊은 바다을(를) 조합해 인생의 여정을 비유적으로 풀어내라.,중간,"['강물', '고독', '철학']",350
484,에세이,비유/은유 연습,달빛을(를) 비유로 사용해 ‘미래’에 관한 철학적 성찰을 담은 글을 작성하라.,어려움,"['계절', '불꽃', '자연']",500
485,에세이,비유/은유 연습,산맥을(를) 통해 ‘열정’의 본질을 풍유적으로 탐구하는 400자 글을 써라.,어려움,"['별', '여행', '죽음']",400
486,에세이,비유/은유 연습,‘침묵’과(와) 산맥을(를) 조합해 인생의 여정을 비유적으로 풀어내라.,중간,"['불꽃', '죽음', '바다']",500
487,에세이,비유/은유 연습,불씨을(를) 통해 ‘배신’의 본질을 풍유적으로 탐구하는 400자 글을 써라.,중간,"['철학', '하늘', '꿈']",450
488,에세이,비유/은유 연습,‘불안’을(를) 별똥별으로 상징화하여 감정적 여운을 남기는 글을 작성하라.,쉬움,"['희망', '자연', '시간']",500
489,에세이,비유/은유 연습,‘두려움’과(와) 강풍을(를) 조합해 인생의 여정을 비유적으로 풀어내라.,쉬움,"['시간', '자연', '죽음']",400
490,에세이,비유/은유 연습,‘자유’을(를) 안개처럼 묘사하며 몽환적인 분위기를 주는 글을 500자 내외로 작성하라.,쉬움,"['철학', '하늘', '계절']",450
491,에세이,비유/은유 연습,‘열정’과(와) 유리병을(를) 조합해 인생의 여정을 비유적으로 풀어내라.,어려움,"['폭풍', '우정', '별']",300
492,에세이,비유/은유 연습,어린 나무을(를) 비유로 사용해 ‘행운’에 관한 철학적 성찰을 담은 글을 작성하라.,어려움,"['폭풍', '희망', '불꽃']",350
493,에세이,비유/은유 연습,별똥별을(를) 비유로 사용해 ‘책임’에 관한 철학적 성찰을 담은 글을 작성하라.,어려움,"['여행', '자연', '불꽃']",450
494,에세이,비유/은유 연습,‘성장’을(를) 어린 나무에 빗대어 350자 내외의 시적 에세이를 작성하라.,쉬움,"['숲', '폭풍', '자연']",500
495,에세이,비유/은유 연습,고래의 특징을 활용하여 ‘추억’을(를) 상징적으로 표현한 글을 300자 내외로 써라.,어려움,"['불꽃', '기억', '하늘']",400
496,에세이,비유/은유 연습,‘기쁨’을(를) 비밀스러운 길처럼 묘사하며 몽환적인 분위기를 주는 글을 500자 내외로 작성하라.,어려움,"['계절', '불꽃', '죽음']",450
497,에세이,비유/은유 연습,‘추억’과(와) 바위의 관계를 은유로 연결해 450자 글을 써라.,중간,"['변화', '자연', '죽음']",450
498,에세이,비유/은유 연습,유리병을(를) 통해 ‘성장’의 본질을 풍유적으로 탐구하는 400자 글을 써라.,중간,"['숲', '고독', '자연']",300
499,에세이,비유/은유 연습,불빛을(를) 통해 ‘용기’의 본질을 풍유적으로 탐구하는 400자 글을 써라.,중간,"['우정', '꿈', '죽음']",350
500,에세이,비유/은유 연습,유리병의 특징을 활용하여 ‘용기’을(를) 상징적으로 표현한 글을 300자 내외로 써라.,중간,"['꿈', '강물', '기억']",500
501,에세이,비유/은유 연습,불빛을(를) 비유로 사용해 ‘고통’에 관한 철학적 성찰을 담은 글을 작성하라.,어려움,"['자연', '강물', '계절']",500
502,에세이,비유/은유 연습,‘풍요’을(를) 눈처럼 묘사하며 몽환적인 분위기를 주는 글을 500자 내외로 작성하라.,쉬움,"['바다', '여행', '시간']",450
503,에세이,비유/은유 연습,‘두려움’과(와) 눈을(를) 조합해 인생의 여정을 비유적으로 풀어내라.,어려움,"['하늘', '숲', '죽음']",450
504,에세이,비유/은유 연습,고래의 특징을 활용하여 ‘성장’을(를) 상징적으로 표현한 글을 300자 내외로 써라.,중간,"['계절', '자연', '죽음']",350
505,에세이,비유/은유 연습,‘불안’을(를) 고요한 호수처럼 묘사하며 몽환적인 분위기를 주는 글을 500자 내외로 작성하라.,어려움,"['시간', '죽음', '바다']",400
506,에세이,비유/은유 연습,고요한 호수을(를) 통해 ‘행운’의 본질을 풍유적으로 탐구하는 400자 글을 써라.,쉬움,"['시간', '폭풍', '하늘']",400
507,에세이,비유/은유 연습,‘성장’을(를) 종이배처럼 묘사하며 몽환적인 분위기를 주는 글을 500자 내외로 작성하라.,쉬움,"['철학', '희망', '하늘']",500
508,에세이,비유/은유 연습,‘자유’을(를) 종이배에 빗대어 350자 내외의 시적 에세이를 작성하라.,어려움,"['기억', '꿈', '철학']",450
509,에세이,비유/은유 연습,‘배신’과(와) 산맥을(를) 조합해 인생의 여정을 비유적으로 풀어내라.,쉬움,"['계절', '기억', '꿈']",350
510,에세이,비유/은유 연습,비밀스러운 길을(를) 비유로 사용해 ‘운명’에 관한 철학적 성찰을 담은 글을 작성하라.,쉬움,"['희망', '바다', '죽음']",400
511,에세이,비유/은유 연습,‘불안’을(를) 비밀스러운 길에 빗대어 350자 내외의 시적 에세이를 작성하라.,중간,"['여행', '자연', '꿈']",300
512,에세이,비유/은유 연습,깊은 바다을(를) 비유로 사용해 ‘갈등’에 관한 철학적 성찰을 담은 글을 작성하라.,쉬움,"['여행', '고독', '시간']",400
513,에세이,비유/은유 연습,유리병의 특징을 활용하여 ‘불안’을(를) 상징적으로 표현한 글을 300자 내외로 써라.,어려움,"['죽음', '우정', '기억']",300
514,에세이,비유/은유 연습,‘운명’을(를) 폭우에 빗대어 350자 내외의 시적 에세이를 작성하라.,중간,"['계절', '시간', '변화']",500
515,에세이,비유/은유 연습,‘책임’과(와) 유리병의 관계를 은유로 연결해 450자 글을 써라.,어려움,"['하늘', '별', '사랑']",500
516,에세이,비유/은유 연습,‘고통’과(와) 안개을(를) 조합해 인생의 여정을 비유적으로 풀어내라.,어려움,"['희망', '자연', '꿈']",350
517,에세이,비유/은유 연습,안개의 특징을 활용하여 ‘성장’을(를) 상징적으로 표현한 글을 300자 내외로 써라.,어려움,"['우정', '기억', '하늘']",450
518,에세이,비유/은유 연습,‘용기’을(를) 흐르는 구름에 빗대어 350자 내외의 시적 에세이를 작성하라.,중간,"['사랑', '바다', '죽음']",300
519,에세이,비유/은유 연습,‘행운’과(와) 깊은 바다을(를) 조합해 인생의 여정을 비유적으로 풀어내라.,어려움,"['사랑', '고독', '죽음']",500
520,에세이,비유/은유 연습,어린 나무의 특징을 활용하여 ‘욕망’을(를) 상징적으로 표현한 글을 300자 내외로 써라.,쉬움,"['시간', '불꽃', '고독']",400
521,에세이,비유/은유 연습,비밀스러운 길을(를) 비유로 사용해 ‘정의’에 관한 철학적 성찰을 담은 글을 작성하라.,중간,"['하늘', '폭풍', '자연']",300
522,에세이,비유/은유 연습,‘기쁨’을(를) 흐르는 구름처럼 묘사하며 몽환적인 분위기를 주는 글을 500자 내외로 작성하라.,중간,"['꿈', '사랑', '숲']",350
523,에세이,비유/은유 연습,별똥별을(를) 비유로 사용해 ‘갈등’에 관한 철학적 성찰을 담은 글을 작성하라.,쉬움,"['별', '우정', '희망']",500
524,에세이,비유/은유 연습,‘불안’을(를) 종이배에 빗대어 350자 내외의 시적 에세이를 작성하라.,쉬움,"['시간', '강물', '불꽃']",300
525,에세이,비유/은유 연습,산맥을(를) 비유로 사용해 ‘미래’에 관한 철학적 성찰을 담은 글을 작성하라.,어려움,"['불꽃', '시간', '바다']",350
526,에세이,비유/은유 연습,‘침묵’과(와) 고요한 호수의 관계를 은유로 연결해 450자 글을 써라.,중간,"['죽음', '여행', '바다']",400
527,에세이,비유/은유 연습,이슬을(를) 통해 ‘행운’의 본질을 풍유적으로 탐구하는 400자 글을 써라.,중간,"['계절', '폭풍', '사랑']",300
528,에세이,비유/은유 연습,‘기쁨’을(를) 비밀스러운 길에 빗대어 350자 내외의 시적 에세이를 작성하라.,중간,"['강물', '폭풍', '우정']",350
529,에세이,비유/은유 연습,‘고통’을(를) 흐르는 구름처럼 묘사하며 몽환적인 분위기를 주는 글을 500자 내외로 작성하라.,중간,"['불꽃', '계절', '자연']",500
530,에세이,비유/은유 연습,안개을(를) 통해 ‘정의’의 본질을 풍유적으로 탐구하는 400자 글을 써라.,쉬움,"['철학', '기억', '자연']",450
531,에세이,비유/은유 연습,어린 나무을(를) 비유로 사용해 ‘운명’에 관한 철학적 성찰을 담은 글을 작성하라.,어려움,"['별', '강물', '사랑']",450
532,에세이,비유/은유 연습,바위을(를) 통해 ‘갈등’의 본질을 풍유적으로 탐구하는 400자 글을 써라.,어려움,"['우정', '강물', '여행']",500
533,에세이,비유/은유 연습,‘열정’을(를) 달빛에 빗대어 350자 내외의 시적 에세이를 작성하라.,쉬움,"['하늘', '사랑', '철학']",450
534,에세이,비유/은유 연습,‘행운’과(와) 별똥별의 관계를 은유로 연결해 450자 글을 써라.,어려움,"['자연', '변화', '계절']",350
535,에세이,비유/은유 연습,‘용기’을(를) 고요한 호수에 빗대어 350자 내외의 시적 에세이를 작성하라.,어려움,"['여행', '불꽃', '숲']",300
536,에세이,비유/은유 연습,불빛의 특징을 활용하여 ‘갈등’을(를) 상징적으로 표현한 글을 300자 내외로 써라.,어려움,"['폭풍', '숲', '변화']",400
537,에세이,비유/은유 연습,종이배의 특징을 활용하여 ‘갈등’을(를) 상징적으로 표현한 글을 300자 내외로 써라.,쉬움,"['바다', '사랑', '기억']",350
538,에세이,비유/은유 연습,종이배을(를) 비유로 사용해 ‘미래’에 관한 철학적 성찰을 담은 글을 작성하라.,어려움,"['숲', '폭풍', '계절']",350
539,에세이,비유/은유 연습,종이배의 특징을 활용하여 ‘미래’을(를) 상징적으로 표현한 글을 300자 내외로 써라.,어려움,"['계절', '희망', '고독']",300
540,에세이,비유/은유 연습,‘책임’과(와) 폭우의 관계를 은유로 연결해 450자 글을 써라.,중간,"['강물', '여행', '철학']",300
541,에세이,비유/은유 연습,‘행운’을(를) 강풍처럼 묘사하며 몽환적인 분위기를 주는 글을 500자 내외로 작성하라.,어려움,"['기억', '자연', '꿈']",500
542,에세이,비유/은유 연습,‘배신’을(를) 고요한 호수처럼 묘사하며 몽환적인 분위기를 주는 글을 500자 내외로 작성하라.,쉬움,"['기억', '바다', '불꽃']",500
543,에세이,비유/은유 연습,눈을(를) 통해 ‘미래’의 본질을 풍유적으로 탐구하는 400자 글을 써라.,어려움,"['기억', '별', '하늘']",300
544,에세이,비유/은유 연습,바위의 특징을 활용하여 ‘불안’을(를) 상징적으로 표현한 글을 300자 내외로 써라.,쉬움,"['희망', '죽음', '하늘']",400
545,에세이,비유/은유 연습,산맥의 특징을 활용하여 ‘고통’을(를) 상징적으로 표현한 글을 300자 내외로 써라.,중간,"['별', '우정', '철학']",450
546,에세이,비유/은유 연습,깊은 바다의 특징을 활용하여 ‘기쁨’을(를) 상징적으로 표현한 글을 300자 내외로 써라.,쉬움,"['우정', '불꽃', '별']",400
547,에세이,비유/은유 연습,고요한 호수의 특징을 활용하여 ‘침묵’을(를) 상징적으로 표현한 글을 300자 내외로 써라.,어려움,"['계절', '시간', '희망']",300
548,에세이,비유/은유 연습,깊은 바다을(를) 통해 ‘성장’의 본질을 풍유적으로 탐구하는 400자 글을 써라.,어려움,"['계절', '기억', '시간']",500
549,에세이,비유/은유 연습,‘정의’을(를) 바위처럼 묘사하며 몽환적인 분위기를 주는 글을 500자 내외로 작성하라.,중간,"['여행', '바다', '철학']",450
550,에세이,비유/은유 연습,‘고통’과(와) 흐르는 구름을(를) 조합해 인생의 여정을 비유적으로 풀어내라.,어려움,"['바다', '고독', '꿈']",300
551,에세이,비유/은유 연습,눈을(를) 통해 ‘정의’의 본질을 풍유적으로 탐구하는 400자 글을 써라.,어려움,"['기억', '계절', '변화']",450
552,에세이,비유/은유 연습,불씨을(를) 통해 ‘욕망’의 본질을 풍유적으로 탐구하는 400자 글을 써라.,어려움,"['기억', '바다', '우정']",450
553,에세이,비유/은유 연습,‘두려움’과(와) 바위을(를) 조합해 인생의 여정을 비유적으로 풀어내라.,어려움,"['강물', '꿈', '철학']",400
554,에세이,비유/은유 연습,‘책임’과(와) 깊은 바다의 관계를 은유로 연결해 450자 글을 써라.,중간,"['우정', '별', '하늘']",400
555,에세이,비유/은유 연습,‘열정’을(를) 산맥에 빗대어 350자 내외의 시적 에세이를 작성하라.,어려움,"['계절', '꿈', '여행']",500
556,에세이,비유/은유 연습,‘정의’과(와) 고래의 관계를 은유로 연결해 450자 글을 써라.,쉬움,"['우정', '바다', '꿈']",350
557,에세이,비유/은유 연습,‘두려움’을(를) 별똥별에 빗대어 350자 내외의 시적 에세이를 작성하라.,중간,"['폭풍', '자연', '기억']",350
558,에세이,비유/은유 연습,바위의 특징을 활용하여 ‘불안’을(를) 상징적으로 표현한 글을 300자 내외로 써라.,어려움,"['철학', '여행', '자연']",350
559,에세이,비유/은유 연습,종이배의 특징을 활용하여 ‘두려움’을(를) 상징적으로 표현한 글을 300자 내외로 써라.,중간,"['희망', '강물', '별']",500
560,에세이,비유/은유 연습,‘인생’과(와) 산맥을(를) 조합해 인생의 여정을 비유적으로 풀어내라.,어려움,"['자연', '철학', '바다']",300
561,에세이,비유/은유 연습,‘풍요’을(를) 달빛으로 상징화하여 감정적 여운을 남기는 글을 작성하라.,중간,"['사랑', '우정', '계절']",500
562,에세이,비유/은유 연습,‘행운’을(를) 이슬으로 상징화하여 감정적 여운을 남기는 글을 작성하라.,중간,"['여행', '시간', '불꽃']",300
563,에세이,비유/은유 연습,유리병을(를) 통해 ‘침묵’의 본질을 풍유적으로 탐구하는 400자 글을 써라.,어려움,"['기억', '고독', '철학']",300
564,에세이,비유/은유 연습,‘미래’을(를) 깊은 바다으로 상징화하여 감정적 여운을 남기는 글을 작성하라.,쉬움,"['우정', '자연', '바다']",300
565,에세이,비유/은유 연습,고래을(를) 비유로 사용해 ‘풍요’에 관한 철학적 성찰을 담은 글을 작성하라.,쉬움,"['죽음', '여행', '철학']",400
566,에세이,비유/은유 연습,‘인생’을(를) 폭우처럼 묘사하며 몽환적인 분위기를 주는 글을 500자 내외로 작성하라.,중간,"['폭풍', '숲', '계절']",300
567,에세이,비유/은유 연습,‘침묵’과(와) 안개을(를) 조합해 인생의 여정을 비유적으로 풀어내라.,어려움,"['철학', '숲', '시간']",500
568,에세이,비유/은유 연습,별똥별을(를) 비유로 사용해 ‘침묵’에 관한 철학적 성찰을 담은 글을 작성하라.,어려움,"['하늘', '꿈', '고독']",450
569,에세이,비유/은유 연습,흐르는 구름을(를) 통해 ‘운명’의 본질을 풍유적으로 탐구하는 400자 글을 써라.,어려움,"['불꽃', '시간', '기억']",450
570,에세이,비유/은유 연습,‘갈등’을(를) 종이배처럼 묘사하며 몽환적인 분위기를 주는 글을 500자 내외로 작성하라.,중간,"['자연', '여행', '폭풍']",400
571,에세이,비유/은유 연습,유리병의 특징을 활용하여 ‘불안’을(를) 상징적으로 표현한 글을 300자 내외로 써라.,중간,"['시간', '별', '숲']",400
572,에세이,비유/은유 연습,안개을(를) 통해 ‘운명’의 본질을 풍유적으로 탐구하는 400자 글을 써라.,쉬움,"['바다', '하늘', '불꽃']",350
573,에세이,비유/은유 연습,‘행운’과(와) 바위의 관계를 은유로 연결해 450자 글을 써라.,중간,"['변화', '계절', '폭풍']",450
574,에세이,비유/은유 연습,흐르는 구름을(를) 비유로 사용해 ‘책임’에 관한 철학적 성찰을 담은 글을 작성하라.,쉬움,"['불꽃', '바다', '하늘']",350
575,에세이,비유/은유 연습,폭우을(를) 비유로 사용해 ‘자유’에 관한 철학적 성찰을 담은 글을 작성하라.,중간,"['폭풍', '우정', '여행']",500
576,에세이,비유/은유 연습,‘침묵’을(를) 비밀스러운 길에 빗대어 350자 내외의 시적 에세이를 작성하라.,어려움,"['하늘', '시간', '철학']",350
577,에세이,비유/은유 연습,‘풍요’과(와) 강풍을(를) 조합해 인생의 여정을 비유적으로 풀어내라.,어려움,"['불꽃', '자연', '기억']",400
578,에세이,비유/은유 연습,‘욕망’을(를) 흐르는 구름처럼 묘사하며 몽환적인 분위기를 주는 글을 500자 내외로 작성하라.,어려움,"['희망', '죽음', '철학']",450
579,에세이,비유/은유 연습,‘자유’과(와) 불빛을(를) 조합해 인생의 여정을 비유적으로 풀어내라.,쉬움,"['고독', '죽음', '희망']",300
580,에세이,비유/은유 연습,‘풍요’을(를) 안개처럼 묘사하며 몽환적인 분위기를 주는 글을 500자 내외로 작성하라.,어려움,"['죽음', '철학', '우정']",500
581,에세이,비유/은유 연습,‘열정’과(와) 깊은 바다의 관계를 은유로 연결해 450자 글을 써라.,쉬움,"['꿈', '불꽃', '시간']",300
582,에세이,비유/은유 연습,‘침묵’과(와) 안개의 관계를 은유로 연결해 450자 글을 써라.,쉬움,"['죽음', '불꽃', '여행']",400
583,에세이,비유/은유 연습,‘침묵’을(를) 고요한 호수에 빗대어 350자 내외의 시적 에세이를 작성하라.,어려움,"['꿈', '계절', '우정']",350
584,에세이,비유/은유 연습,‘불안’과(와) 유리병을(를) 조합해 인생의 여정을 비유적으로 풀어내라.,중간,"['사랑', '죽음', '바다']",300
585,에세이,비유/은유 연습,어린 나무을(를) 비유로 사용해 ‘기쁨’에 관한 철학적 성찰을 담은 글을 작성하라.,어려움,"['여행', '철학', '우정']",300
586,에세이,비유/은유 연습,불빛의 특징을 활용하여 ‘두려움’을(를) 상징적으로 표현한 글을 300자 내외로 써라.,쉬움,"['폭풍', '계절', '고독']",500
587,에세이,비유/은유 연습,고래의 특징을 활용하여 ‘욕망’을(를) 상징적으로 표현한 글을 300자 내외로 써라.,쉬움,"['여행', '자연', '우정']",450
588,에세이,비유/은유 연습,눈의 특징을 활용하여 ‘열정’을(를) 상징적으로 표현한 글을 300자 내외로 써라.,어려움,"['사랑', '우정', '하늘']",350
589,에세이,비유/은유 연습,불빛을(를) 통해 ‘두려움’의 본질을 풍유적으로 탐구하는 400자 글을 써라.,쉬움,"['여행', '강물', '고독']",300
590,에세이,비유/은유 연습,고요한 호수을(를) 통해 ‘성장’의 본질을 풍유적으로 탐구하는 400자 글을 써라.,중간,"['강물', '고독', '폭풍']",400
591,에세이,비유/은유 연습,‘인생’을(를) 별똥별으로 상징화하여 감정적 여운을 남기는 글을 작성하라.,쉬움,"['기억', '하늘', '별']",400
592,에세이,비유/은유 연습,비밀스러운 길을(를) 비유로 사용해 ‘인생’에 관한 철학적 성찰을 담은 글을 작성하라.,중간,"['숲', '철학', '폭풍']",300
593,에세이,비유/은유 연습,눈의 특징을 활용하여 ‘고통’을(를) 상징적으로 표현한 글을 300자 내외로 써라.,어려움,"['고독', '별', '숲']",400
594,에세이,비유/은유 연습,‘불안’과(와) 종이배의 관계를 은유로 연결해 450자 글을 써라.,쉬움,"['꿈', '철학', '자연']",350
595,에세이,비유/은유 연습,‘미래’과(와) 강풍의 관계를 은유로 연결해 450자 글을 써라.,중간,"['철학', '시간', '불꽃']",300
596,에세이,비유/은유 연습,바위을(를) 비유로 사용해 ‘풍요’에 관한 철학적 성찰을 담은 글을 작성하라.,어려움,"['꿈', '희망', '사랑']",450
597,에세이,비유/은유 연습,별똥별의 특징을 활용하여 ‘운명’을(를) 상징적으로 표현한 글을 300자 내외로 써라.,쉬움,"['자연', '숲', '기억']",300
598,에세이,비유/은유 연습,‘행운’을(를) 어린 나무처럼 묘사하며 몽환적인 분위기를 주는 글을 500자 내외로 작성하라.,어려움,"['여행', '별', '기억']",400
599,에세이,비유/은유 연습,비밀스러운 길을(를) 통해 ‘정의’의 본질을 풍유적으로 탐구하는 400자 글을 써라.,쉬움,"['폭풍', '숲', '희망']",350
600,에세이,비유/은유 연습,‘성장’과(와) 이슬의 관계를 은유로 연결해 450자 글을 써라.,중간,"['사랑', '철학', '계절']",450
601,에세이,비유/은유 연습,‘저녁 산책’을(를) 책장에 비유해 감성적인 일상 에세이를 300자 내외로 작성하라.,어려움,"['변화', '별', '여행']",400
602,에세이,비유/은유 연습,‘소풍’을(를) 자동문처럼 묘사하며 독자가 공감할 수 있는 글을 작성하라.,중간,"['강물', '사랑', '죽음']",350
603,에세이,비유/은유 연습,‘소풍’을(를) 종이컵의 움직임에 빗대어 서정적인 글을 작성하라.,중간,"['별', '꿈', '기억']",500
604,에세이,비유/은유 연습,‘도서관’을(를) 촛불의 움직임에 빗대어 서정적인 글을 작성하라.,어려움,"['변화', '죽음', '자연']",450
605,에세이,비유/은유 연습,‘비 오는 날’을(를) 빗방울에 비유해 감성적인 일상 에세이를 300자 내외로 작성하라.,중간,"['철학', '바다', '시간']",500
606,에세이,비유/은유 연습,‘저녁 산책’을(를) 종소리과(와) 대비시켜 잔잔한 울림을 주는 글을 350자 내외로 써라.,중간,"['희망', '기억', '자연']",500
607,에세이,비유/은유 연습,‘저녁 산책’을(를) 촛불의 움직임에 빗대어 서정적인 글을 작성하라.,쉬움,"['바다', '기억', '희망']",500
608,에세이,비유/은유 연습,‘시계’을(를) 의자 그림자에 비유해 감성적인 일상 에세이를 300자 내외로 작성하라.,중간,"['별', '시간', '철학']",450
609,에세이,비유/은유 연습,‘길고양이’을(를) 전등불의 움직임에 빗대어 서정적인 글을 작성하라.,쉬움,"['고독', '사랑', '계절']",400
610,에세이,비유/은유 연습,‘도시의 골목’을(를) 자동문으로 상징화하여 독자가 쉽게 상상할 수 있는 글을 450자 내외로 작성하라.,쉬움,"['변화', '강물', '불꽃']",300
611,에세이,비유/은유 연습,‘퇴근길’을(를) 자동문으로 상징화하여 독자가 쉽게 상상할 수 있는 글을 450자 내외로 작성하라.,중간,"['별', '고독', '우정']",300
612,에세이,비유/은유 연습,‘휴대폰’을(를) 텅 빈 거리에 비유해 감성적인 일상 에세이를 300자 내외로 작성하라.,어려움,"['사랑', '희망', '숲']",300
613,에세이,비유/은유 연습,‘카페’을(를) 종이컵의 움직임에 빗대어 서정적인 글을 작성하라.,쉬움,"['희망', '죽음', '시간']",500
614,에세이,비유/은유 연습,‘시계’을(를) 골목길처럼 묘사하며 독자가 공감할 수 있는 글을 작성하라.,중간,"['고독', '여행', '시간']",500
615,에세이,비유/은유 연습,‘도서관’을(를) 텅 빈 거리처럼 묘사하며 독자가 공감할 수 있는 글을 작성하라.,어려움,"['시간', '우정', '폭풍']",500
616,에세이,비유/은유 연습,‘도시의 골목’과(와) 파란 하늘의 공통점을 찾아 시적이면서도 일상적인 에세이를 작성하라.,쉬움,"['하늘', '여행', '자연']",400
617,에세이,비유/은유 연습,‘버스’을(를) 텀블러에 비유해 감성적인 일상 에세이를 300자 내외로 작성하라.,중간,"['계절', '불꽃', '하늘']",450
618,에세이,비유/은유 연습,‘휴일’을(를) 텅 빈 거리처럼 묘사하며 독자가 공감할 수 있는 글을 작성하라.,중간,"['바다', '폭풍', '불꽃']",350
619,에세이,비유/은유 연습,책장을(를) 통해 ‘마트’의 하루를 은유적으로 풀어낸 400자 글을 써라.,어려움,"['희망', '사랑', '강물']",350
620,에세이,비유/은유 연습,종소리을(를) 통해 ‘소풍’의 하루를 은유적으로 풀어낸 400자 글을 써라.,어려움,"['숲', '자연', '불꽃']",450
621,에세이,비유/은유 연습,‘창문’을(를) 전등불의 움직임에 빗대어 서정적인 글을 작성하라.,쉬움,"['고독', '폭풍', '계절']",450
622,에세이,비유/은유 연습,‘길고양이’과(와) 흐린 구름의 공통점을 찾아 시적이면서도 일상적인 에세이를 작성하라.,어려움,"['시간', '변화', '바다']",500
623,에세이,비유/은유 연습,텅 빈 거리을(를) 통해 ‘퇴근길’의 하루를 은유적으로 풀어낸 400자 글을 써라.,어려움,"['기억', '강물', '고독']",400
624,에세이,비유/은유 연습,‘카페’과(와) 자동문의 공통점을 찾아 시적이면서도 일상적인 에세이를 작성하라.,쉬움,"['변화', '희망', '죽음']",450
625,에세이,비유/은유 연습,‘퇴근길’을(를) 종소리과(와) 대비시켜 잔잔한 울림을 주는 글을 350자 내외로 써라.,쉬움,"['철학', '하늘', '여행']",300
626,에세이,비유/은유 연습,‘햇살’을(를) 종이컵의 움직임에 빗대어 서정적인 글을 작성하라.,중간,"['하늘', '우정', '꿈']",450
627,에세이,비유/은유 연습,‘비 오는 날’을(를) 바람결으로 상징화하여 독자가 쉽게 상상할 수 있는 글을 450자 내외로 작성하라.,어려움,"['기억', '바다', '우정']",300
628,에세이,비유/은유 연습,‘비 오는 날’을(를) 흐린 구름의 움직임에 빗대어 서정적인 글을 작성하라.,어려움,"['철학', '시간', '불꽃']",500
629,에세이,비유/은유 연습,‘도서관’을(를) 바람결에 비유해 감성적인 일상 에세이를 300자 내외로 작성하라.,중간,"['여행', '시간', '변화']",500
630,에세이,비유/은유 연습,‘도시의 골목’과(와) 흐린 구름의 공통점을 찾아 시적이면서도 일상적인 에세이를 작성하라.,중간,"['철학', '희망', '바다']",350
631,에세이,비유/은유 연습,‘길고양이’을(를) 텅 빈 거리처럼 묘사하며 독자가 공감할 수 있는 글을 작성하라.,쉬움,"['시간', '꿈', '죽음']",300
632,에세이,비유/은유 연습,‘비 오는 날’을(를) 푸른 잎에 비유해 감성적인 일상 에세이를 300자 내외로 작성하라.,중간,"['별', '죽음', '숲']",300
633,에세이,비유/은유 연습,종소리을(를) 통해 ‘주말’의 하루를 은유적으로 풀어낸 400자 글을 써라.,중간,"['사랑', '죽음', '별']",400
634,에세이,비유/은유 연습,‘창문’을(를) 텀블러의 움직임에 빗대어 서정적인 글을 작성하라.,중간,"['폭풍', '희망', '강물']",450
635,에세이,비유/은유 연습,‘주말’을(를) 촛불의 움직임에 빗대어 서정적인 글을 작성하라.,쉬움,"['변화', '여행', '계절']",350
636,에세이,비유/은유 연습,‘휴대폰’을(를) 푸른 잎처럼 묘사하며 독자가 공감할 수 있는 글을 작성하라.,어려움,"['하늘', '별', '죽음']",350
637,에세이,비유/은유 연습,자동문을(를) 통해 ‘밤하늘’의 하루를 은유적으로 풀어낸 400자 글을 써라.,중간,"['강물', '바다', '변화']",300
638,에세이,비유/은유 연습,‘주말’과(와) 유리창의 공통점을 찾아 시적이면서도 일상적인 에세이를 작성하라.,쉬움,"['변화', '폭풍', '자연']",350
639,에세이,비유/은유 연습,책장을(를) 통해 ‘창문’의 하루를 은유적으로 풀어낸 400자 글을 써라.,중간,"['꿈', '죽음', '계절']",500
640,에세이,비유/은유 연습,전등불을(를) 통해 ‘비 오는 날’의 하루를 은유적으로 풀어낸 400자 글을 써라.,쉬움,"['별', '희망', '자연']",300
641,에세이,비유/은유 연습,‘비 오는 날’을(를) 촛불과(와) 대비시켜 잔잔한 울림을 주는 글을 350자 내외로 써라.,어려움,"['바다', '기억', '꿈']",300
642,에세이,비유/은유 연습,손목시계을(를) 소재로 ‘퇴근길’의 기분과 생각을 은유적으로 표현하라.,어려움,"['사랑', '강물', '희망']",350
643,에세이,비유/은유 연습,‘밤하늘’과(와) 의자 그림자의 공통점을 찾아 시적이면서도 일상적인 에세이를 작성하라.,중간,"['강물', '고독', '기억']",350
644,에세이,비유/은유 연습,‘휴대폰’을(를) 빗방울의 움직임에 빗대어 서정적인 글을 작성하라.,중간,"['희망', '시간', '사랑']",500
645,에세이,비유/은유 연습,‘햇살’을(를) 파란 하늘에 비유해 감성적인 일상 에세이를 300자 내외로 작성하라.,쉬움,"['숲', '하늘', '별']",300
646,에세이,비유/은유 연습,‘휴대폰’과(와) 유리창의 공통점을 찾아 시적이면서도 일상적인 에세이를 작성하라.,중간,"['자연', '기억', '불꽃']",450
647,에세이,비유/은유 연습,‘카페’과(와) 종소리의 공통점을 찾아 시적이면서도 일상적인 에세이를 작성하라.,중간,"['숲', '사랑', '바다']",450
648,에세이,비유/은유 연습,‘마트’을(를) 책장처럼 묘사하며 독자가 공감할 수 있는 글을 작성하라.,중간,"['불꽃', '죽음', '자연']",300
649,에세이,비유/은유 연습,고양이 눈빛을(를) 통해 ‘시계’의 하루를 은유적으로 풀어낸 400자 글을 써라.,중간,"['우정', '폭풍', '불꽃']",500
650,에세이,비유/은유 연습,‘소풍’과(와) 종이컵의 공통점을 찾아 시적이면서도 일상적인 에세이를 작성하라.,쉬움,"['강물', '별', '계절']",450
651,에세이,비유/은유 연습,‘창문’을(를) 골목길으로 상징화하여 독자가 쉽게 상상할 수 있는 글을 450자 내외로 작성하라.,쉬움,"['별', '숲', '불꽃']",500
652,에세이,비유/은유 연습,‘휴일’을(를) 가로등의 움직임에 빗대어 서정적인 글을 작성하라.,쉬움,"['사랑', '철학', '별']",500
653,에세이,비유/은유 연습,‘비 오는 날’을(를) 종이컵의 움직임에 빗대어 서정적인 글을 작성하라.,어려움,"['폭풍', '우정', '사랑']",400
654,에세이,비유/은유 연습,‘주말’을(를) 고양이 눈빛처럼 묘사하며 독자가 공감할 수 있는 글을 작성하라.,어려움,"['하늘', '희망', '변화']",450
655,에세이,비유/은유 연습,‘휴대폰’을(를) 빗방울에 비유해 감성적인 일상 에세이를 300자 내외로 작성하라.,어려움,"['자연', '바다', '희망']",400
656,에세이,비유/은유 연습,책장을(를) 통해 ‘자전거’의 하루를 은유적으로 풀어낸 400자 글을 써라.,중간,"['여행', '죽음', '하늘']",400
657,에세이,비유/은유 연습,‘자전거’과(와) 종소리의 공통점을 찾아 시적이면서도 일상적인 에세이를 작성하라.,중간,"['강물', '계절', '자연']",350
658,에세이,비유/은유 연습,텀블러을(를) 소재로 ‘도시의 골목’의 기분과 생각을 은유적으로 표현하라.,어려움,"['바다', '강물', '고독']",400
659,에세이,비유/은유 연습,‘길고양이’과(와) 종이컵의 공통점을 찾아 시적이면서도 일상적인 에세이를 작성하라.,쉬움,"['시간', '강물', '자연']",500
660,에세이,비유/은유 연습,빗방울을(를) 소재로 ‘길고양이’의 기분과 생각을 은유적으로 표현하라.,중간,"['희망', '자연', '고독']",350
661,에세이,비유/은유 연습,‘창문’을(를) 파란 하늘의 움직임에 빗대어 서정적인 글을 작성하라.,중간,"['시간', '자연', '계절']",500
662,에세이,비유/은유 연습,‘휴일’을(를) 종이컵처럼 묘사하며 독자가 공감할 수 있는 글을 작성하라.,쉬움,"['꿈', '별', '불꽃']",350
663,에세이,비유/은유 연습,‘햇살’을(를) 파란 하늘처럼 묘사하며 독자가 공감할 수 있는 글을 작성하라.,어려움,"['불꽃', '변화', '강물']",450
664,에세이,비유/은유 연습,잔잔한 음악을(를) 통해 ‘밤하늘’의 하루를 은유적으로 풀어낸 400자 글을 써라.,쉬움,"['변화', '철학', '폭풍']",400
665,에세이,비유/은유 연습,‘커피’을(를) 푸른 잎처럼 묘사하며 독자가 공감할 수 있는 글을 작성하라.,중간,"['폭풍', '하늘', '변화']",400
666,에세이,비유/은유 연습,바람결을(를) 소재로 ‘비 오는 날’의 기분과 생각을 은유적으로 표현하라.,중간,"['강물', '불꽃', '철학']",450
667,에세이,비유/은유 연습,‘카페’과(와) 책장의 공통점을 찾아 시적이면서도 일상적인 에세이를 작성하라.,중간,"['기억', '자연', '강물']",450
668,에세이,비유/은유 연습,‘시계’을(를) 흐린 구름처럼 묘사하며 독자가 공감할 수 있는 글을 작성하라.,쉬움,"['희망', '불꽃', '우정']",450
669,에세이,비유/은유 연습,‘자전거’을(를) 종소리과(와) 대비시켜 잔잔한 울림을 주는 글을 350자 내외로 써라.,어려움,"['자연', '강물', '꿈']",500
670,에세이,비유/은유 연습,흐린 구름을(를) 소재로 ‘휴대폰’의 기분과 생각을 은유적으로 표현하라.,중간,"['폭풍', '사랑', '별']",350
671,에세이,비유/은유 연습,‘마트’을(를) 고양이 눈빛으로 상징화하여 독자가 쉽게 상상할 수 있는 글을 450자 내외로 작성하라.,어려움,"['고독', '자연', '사랑']",500
672,에세이,비유/은유 연습,‘카페’을(를) 푸른 잎으로 상징화하여 독자가 쉽게 상상할 수 있는 글을 450자 내외로 작성하라.,어려움,"['우정', '폭풍', '꿈']",350
673,에세이,비유/은유 연습,‘퇴근길’을(를) 고양이 눈빛의 움직임에 빗대어 서정적인 글을 작성하라.,중간,"['사랑', '하늘', '우정']",300
674,에세이,비유/은유 연습,‘햇살’과(와) 유리창의 공통점을 찾아 시적이면서도 일상적인 에세이를 작성하라.,쉬움,"['강물', '바다', '자연']",450
675,에세이,비유/은유 연습,‘커피’을(를) 책장과(와) 대비시켜 잔잔한 울림을 주는 글을 350자 내외로 써라.,쉬움,"['폭풍', '계절', '시간']",450
676,에세이,비유/은유 연습,‘창문’을(를) 책장의 움직임에 빗대어 서정적인 글을 작성하라.,중간,"['변화', '계절', '기억']",500
677,에세이,비유/은유 연습,‘주말’과(와) 유리창의 공통점을 찾아 시적이면서도 일상적인 에세이를 작성하라.,중간,"['희망', '자연', '변화']",350
678,에세이,비유/은유 연습,‘소풍’을(를) 텅 빈 거리으로 상징화하여 독자가 쉽게 상상할 수 있는 글을 450자 내외로 작성하라.,중간,"['죽음', '불꽃', '철학']",500
679,에세이,비유/은유 연습,손목시계을(를) 통해 ‘커피’의 하루를 은유적으로 풀어낸 400자 글을 써라.,쉬움,"['강물', '불꽃', '우정']",500
680,에세이,비유/은유 연습,빗방울을(를) 소재로 ‘자전거’의 기분과 생각을 은유적으로 표현하라.,어려움,"['희망', '폭풍', '별']",450
681,에세이,비유/은유 연습,‘시계’을(를) 유리창처럼 묘사하며 독자가 공감할 수 있는 글을 작성하라.,중간,"['우정', '꿈', '바다']",500
682,에세이,비유/은유 연습,‘주말’과(와) 고양이 눈빛의 공통점을 찾아 시적이면서도 일상적인 에세이를 작성하라.,중간,"['시간', '계절', '고독']",300
683,에세이,비유/은유 연습,‘창문’을(를) 텀블러에 비유해 감성적인 일상 에세이를 300자 내외로 작성하라.,쉬움,"['사랑', '꿈', '불꽃']",500
684,에세이,비유/은유 연습,‘마트’을(를) 빗방울처럼 묘사하며 독자가 공감할 수 있는 글을 작성하라.,쉬움,"['기억', '꿈', '별']",400
685,에세이,비유/은유 연습,‘커피’을(를) 자동문의 움직임에 빗대어 서정적인 글을 작성하라.,중간,"['불꽃', '폭풍', '사랑']",350
686,에세이,비유/은유 연습,‘도서관’을(를) 의자 그림자과(와) 대비시켜 잔잔한 울림을 주는 글을 350자 내외로 써라.,어려움,"['꿈', '계절', '변화']",450
687,에세이,비유/은유 연습,‘길고양이’과(와) 골목길의 공통점을 찾아 시적이면서도 일상적인 에세이를 작성하라.,쉬움,"['계절', '변화', '숲']",300
688,에세이,비유/은유 연습,‘아침’을(를) 흐린 구름처럼 묘사하며 독자가 공감할 수 있는 글을 작성하라.,어려움,"['바다', '철학', '고독']",350
689,에세이,비유/은유 연습,‘휴일’을(를) 자동문의 움직임에 빗대어 서정적인 글을 작성하라.,어려움,"['별', '자연', '하늘']",450
690,에세이,비유/은유 연습,‘버스’을(를) 손목시계에 비유해 감성적인 일상 에세이를 300자 내외로 작성하라.,쉬움,"['기억', '꿈', '계절']",350
691,에세이,비유/은유 연습,‘퇴근길’을(를) 잔잔한 음악과(와) 대비시켜 잔잔한 울림을 주는 글을 350자 내외로 써라.,중간,"['불꽃', '폭풍', '기억']",300
692,에세이,비유/은유 연습,‘시계’을(를) 종소리의 움직임에 빗대어 서정적인 글을 작성하라.,중간,"['우정', '사랑', '고독']",300
693,에세이,비유/은유 연습,빗방울을(를) 소재로 ‘주말’의 기분과 생각을 은유적으로 표현하라.,중간,"['시간', '꿈', '별']",400
694,에세이,비유/은유 연습,‘커피’을(를) 잔잔한 음악과(와) 대비시켜 잔잔한 울림을 주는 글을 350자 내외로 써라.,어려움,"['변화', '철학', '별']",300
695,에세이,비유/은유 연습,‘버스’을(를) 촛불으로 상징화하여 독자가 쉽게 상상할 수 있는 글을 450자 내외로 작성하라.,어려움,"['여행', '우정', '죽음']",450
696,에세이,비유/은유 연습,‘햇살’과(와) 의자 그림자의 공통점을 찾아 시적이면서도 일상적인 에세이를 작성하라.,어려움,"['불꽃', '변화', '희망']",300
697,에세이,비유/은유 연습,‘커피’과(와) 자동문의 공통점을 찾아 시적이면서도 일상적인 에세이를 작성하라.,어려움,"['희망', '시간', '고독']",350
698,에세이,비유/은유 연습,흐린 구름을(를) 소재로 ‘마트’의 기분과 생각을 은유적으로 표현하라.,중간,"['우정', '강물', '여행']",450
699,에세이,비유/은유 연습,‘길고양이’을(를) 흐린 구름과(와) 대비시켜 잔잔한 울림을 주는 글을 350자 내외로 써라.,중간,"['변화', '별', '죽음']",450
700,에세이,비유/은유 연습,가로등을(를) 통해 ‘소풍’의 하루를 은유적으로 풀어낸 400자 글을 써라.,쉬움,"['희망', '계절', '기억']",450
701,에세이,비유/은유 연습,‘휴일’을(를) 유리창에 비유해 감성적인 일상 에세이를 300자 내외로 작성하라.,쉬움,"['계절', '사랑', '불꽃']",500
702,에세이,비유/은유 연습,‘길고양이’을(를) 빗방울과(와) 대비시켜 잔잔한 울림을 주는 글을 350자 내외로 써라.,어려움,"['철학', '불꽃', '죽음']",300
703,에세이,비유/은유 연습,‘아침’을(를) 바람결에 비유해 감성적인 일상 에세이를 300자 내외로 작성하라.,어려움,"['꿈', '하늘', '계절']",350
704,에세이,비유/은유 연습,‘휴대폰’을(를) 전등불처럼 묘사하며 독자가 공감할 수 있는 글을 작성하라.,중간,"['하늘', '별', '꿈']",450
705,에세이,비유/은유 연습,텅 빈 거리을(를) 통해 ‘밤하늘’의 하루를 은유적으로 풀어낸 400자 글을 써라.,어려움,"['숲', '변화', '강물']",400
706,에세이,비유/은유 연습,촛불을(를) 통해 ‘아침’의 하루를 은유적으로 풀어낸 400자 글을 써라.,어려움,"['숲', '바다', '별']",350
707,에세이,비유/은유 연습,‘햇살’과(와) 파란 하늘의 공통점을 찾아 시적이면서도 일상적인 에세이를 작성하라.,중간,"['죽음', '시간', '하늘']",300
708,에세이,비유/은유 연습,‘휴일’을(를) 종소리처럼 묘사하며 독자가 공감할 수 있는 글을 작성하라.,중간,"['변화', '사랑', '자연']",400
709,에세이,비유/은유 연습,‘주말’을(를) 가로등과(와) 대비시켜 잔잔한 울림을 주는 글을 350자 내외로 써라.,쉬움,"['사랑', '죽음', '기억']",450
710,에세이,비유/은유 연습,‘시계’을(를) 전등불에 비유해 감성적인 일상 에세이를 300자 내외로 작성하라.,쉬움,"['꿈', '숲', '계절']",300
711,에세이,비유/은유 연습,흐린 구름을(를) 소재로 ‘주말’의 기분과 생각을 은유적으로 표현하라.,중간,"['철학', '강물', '하늘']",450
712,에세이,비유/은유 연습,‘아침’을(를) 바람결으로 상징화하여 독자가 쉽게 상상할 수 있는 글을 450자 내외로 작성하라.,중간,"['변화', '시간', '죽음']",350
713,에세이,비유/은유 연습,‘밤하늘’과(와) 푸른 잎의 공통점을 찾아 시적이면서도 일상적인 에세이를 작성하라.,쉬움,"['폭풍', '숲', '철학']",450
714,에세이,비유/은유 연습,흐린 구름을(를) 소재로 ‘저녁 산책’의 기분과 생각을 은유적으로 표현하라.,어려움,"['철학', '강물', '숲']",450
715,에세이,비유/은유 연습,‘소풍’을(를) 빗방울의 움직임에 빗대어 서정적인 글을 작성하라.,중간,"['바다', '꿈', '사랑']",400
716,에세이,비유/은유 연습,가로등을(를) 통해 ‘길고양이’의 하루를 은유적으로 풀어낸 400자 글을 써라.,쉬움,"['우정', '죽음', '고독']",500
717,에세이,비유/은유 연습,‘아침’을(를) 바람결에 비유해 감성적인 일상 에세이를 300자 내외로 작성하라.,쉬움,"['바다', '여행', '폭풍']",500
718,에세이,비유/은유 연습,‘도시의 골목’을(를) 바람결으로 상징화하여 독자가 쉽게 상상할 수 있는 글을 450자 내외로 작성하라.,쉬움,"['폭풍', '희망', '숲']",350
719,에세이,비유/은유 연습,‘창문’을(를) 의자 그림자과(와) 대비시켜 잔잔한 울림을 주는 글을 350자 내외로 써라.,어려움,"['사랑', '꿈', '바다']",350
720,에세이,비유/은유 연습,‘퇴근길’과(와) 가로등의 공통점을 찾아 시적이면서도 일상적인 에세이를 작성하라.,쉬움,"['고독', '시간', '하늘']",500
721,에세이,비유/은유 연습,‘마트’을(를) 바람결에 비유해 감성적인 일상 에세이를 300자 내외로 작성하라.,쉬움,"['불꽃', '꿈', '강물']",350
722,에세이,비유/은유 연습,촛불을(를) 소재로 ‘휴대폰’의 기분과 생각을 은유적으로 표현하라.,중간,"['기억', '변화', '강물']",400
723,에세이,비유/은유 연습,‘커피’을(를) 책장과(와) 대비시켜 잔잔한 울림을 주는 글을 350자 내외로 써라.,중간,"['하늘', '숲', '희망']",300
724,에세이,비유/은유 연습,‘커피’을(를) 텅 빈 거리에 비유해 감성적인 일상 에세이를 300자 내외로 작성하라.,어려움,"['고독', '사랑', '기억']",400
725,에세이,비유/은유 연습,‘창문’과(와) 종소리의 공통점을 찾아 시적이면서도 일상적인 에세이를 작성하라.,쉬움,"['자연', '숲', '시간']",350
726,에세이,비유/은유 연습,‘창문’을(를) 자동문과(와) 대비시켜 잔잔한 울림을 주는 글을 350자 내외로 써라.,쉬움,"['변화', '불꽃', '바다']",450
727,에세이,비유/은유 연습,‘카페’을(를) 손목시계의 움직임에 빗대어 서정적인 글을 작성하라.,중간,"['별', '바다', '변화']",400
728,에세이,비유/은유 연습,‘퇴근길’을(를) 빗방울의 움직임에 빗대어 서정적인 글을 작성하라.,어려움,"['자연', '하늘', '희망']",400
729,에세이,비유/은유 연습,‘밤하늘’을(를) 종이컵의 움직임에 빗대어 서정적인 글을 작성하라.,중간,"['숲', '꿈', '고독']",300
730,에세이,비유/은유 연습,‘버스’을(를) 종소리의 움직임에 빗대어 서정적인 글을 작성하라.,쉬움,"['고독', '계절', '희망']",350
731,에세이,비유/은유 연습,‘버스’을(를) 흐린 구름으로 상징화하여 독자가 쉽게 상상할 수 있는 글을 450자 내외로 작성하라.,중간,"['불꽃', '별', '꿈']",400
732,에세이,비유/은유 연습,‘휴일’을(를) 골목길으로 상징화하여 독자가 쉽게 상상할 수 있는 글을 450자 내외로 작성하라.,쉬움,"['숲', '폭풍', '여행']",300
733,에세이,비유/은유 연습,‘시계’을(를) 잔잔한 음악과(와) 대비시켜 잔잔한 울림을 주는 글을 350자 내외로 써라.,쉬움,"['시간', '꿈', '바다']",300
734,에세이,비유/은유 연습,‘버스’을(를) 골목길에 비유해 감성적인 일상 에세이를 300자 내외로 작성하라.,중간,"['폭풍', '변화', '꿈']",450
735,에세이,비유/은유 연습,책장을(를) 통해 ‘휴일’의 하루를 은유적으로 풀어낸 400자 글을 써라.,중간,"['강물', '하늘', '꿈']",450
736,에세이,비유/은유 연습,‘햇살’을(를) 자동문의 움직임에 빗대어 서정적인 글을 작성하라.,어려움,"['계절', '바다', '시간']",450
737,에세이,비유/은유 연습,‘소풍’과(와) 흐린 구름의 공통점을 찾아 시적이면서도 일상적인 에세이를 작성하라.,중간,"['별', '변화', '꿈']",350
738,에세이,비유/은유 연습,바람결을(를) 소재로 ‘커피’의 기분과 생각을 은유적으로 표현하라.,쉬움,"['폭풍', '불꽃', '우정']",350
739,에세이,비유/은유 연습,‘휴일’과(와) 촛불의 공통점을 찾아 시적이면서도 일상적인 에세이를 작성하라.,중간,"['희망', '강물', '별']",300
740,에세이,비유/은유 연습,전등불을(를) 통해 ‘버스’의 하루를 은유적으로 풀어낸 400자 글을 써라.,쉬움,"['계절', '시간', '여행']",400
741,에세이,비유/은유 연습,‘휴대폰’을(를) 유리창처럼 묘사하며 독자가 공감할 수 있는 글을 작성하라.,어려움,"['우정', '강물', '계절']",450
742,에세이,비유/은유 연습,‘아침’을(를) 전등불에 비유해 감성적인 일상 에세이를 300자 내외로 작성하라.,쉬움,"['변화', '계절', '철학']",400
743,에세이,비유/은유 연습,‘밤하늘’을(를) 손목시계과(와) 대비시켜 잔잔한 울림을 주는 글을 350자 내외로 써라.,쉬움,"['폭풍', '죽음', '사랑']",300
744,에세이,비유/은유 연습,‘저녁 산책’과(와) 텀블러의 공통점을 찾아 시적이면서도 일상적인 에세이를 작성하라.,쉬움,"['시간', '하늘', '별']",500
745,에세이,비유/은유 연습,‘퇴근길’을(를) 종소리에 비유해 감성적인 일상 에세이를 300자 내외로 작성하라.,중간,"['별', '불꽃', '자연']",300
746,에세이,비유/은유 연습,푸른 잎을(를) 통해 ‘도서관’의 하루를 은유적으로 풀어낸 400자 글을 써라.,어려움,"['바다', '우정', '계절']",500
747,에세이,비유/은유 연습,‘시계’을(를) 유리창처럼 묘사하며 독자가 공감할 수 있는 글을 작성하라.,중간,"['불꽃', '자연', '기억']",500
748,에세이,비유/은유 연습,‘창문’과(와) 골목길의 공통점을 찾아 시적이면서도 일상적인 에세이를 작성하라.,쉬움,"['희망', '계절', '바다']",500
749,에세이,비유/은유 연습,‘소풍’을(를) 흐린 구름에 비유해 감성적인 일상 에세이를 300자 내외로 작성하라.,중간,"['폭풍', '시간', '자연']",350
750,에세이,비유/은유 연습,‘퇴근길’을(를) 고양이 눈빛처럼 묘사하며 독자가 공감할 수 있는 글을 작성하라.,어려움,"['변화', '시간', '자연']",350
751,에세이,비유/은유 연습,‘마트’을(를) 골목길처럼 묘사하며 독자가 공감할 수 있는 글을 작성하라.,어려움,"['기억', '불꽃', '우정']",300
752,에세이,비유/은유 연습,흐린 구름을(를) 소재로 ‘퇴근길’의 기분과 생각을 은유적으로 표현하라.,쉬움,"['계절', '기억', '하늘']",300
753,에세이,비유/은유 연습,빗방울을(를) 통해 ‘버스’의 하루를 은유적으로 풀어낸 400자 글을 써라.,쉬움,"['여행', '기억', '꿈']",350
754,에세이,비유/은유 연습,‘아침’과(와) 골목길의 공통점을 찾아 시적이면서도 일상적인 에세이를 작성하라.,중간,"['자연', '숲', '변화']",350
755,에세이,비유/은유 연습,‘휴일’과(와) 바람결의 공통점을 찾아 시적이면서도 일상적인 에세이를 작성하라.,어려움,"['불꽃', '하늘', '바다']",500
756,에세이,비유/은유 연습,‘햇살’을(를) 빗방울처럼 묘사하며 독자가 공감할 수 있는 글을 작성하라.,중간,"['불꽃', '꿈', '계절']",350
757,에세이,비유/은유 연습,손목시계을(를) 통해 ‘휴대폰’의 하루를 은유적으로 풀어낸 400자 글을 써라.,쉬움,"['여행', '하늘', '고독']",400
758,에세이,비유/은유 연습,빗방울을(를) 통해 ‘마트’의 하루를 은유적으로 풀어낸 400자 글을 써라.,중간,"['여행', '변화', '불꽃']",350
759,에세이,비유/은유 연습,‘시계’을(를) 고양이 눈빛과(와) 대비시켜 잔잔한 울림을 주는 글을 350자 내외로 써라.,어려움,"['여행', '별', '희망']",400
760,에세이,비유/은유 연습,‘밤하늘’을(를) 텀블러의 움직임에 빗대어 서정적인 글을 작성하라.,중간,"['불꽃', '계절', '숲']",400
761,에세이,비유/은유 연습,텅 빈 거리을(를) 통해 ‘도시의 골목’의 하루를 은유적으로 풀어낸 400자 글을 써라.,어려움,"['꿈', '별', '철학']",500
762,에세이,비유/은유 연습,‘버스’을(를) 파란 하늘과(와) 대비시켜 잔잔한 울림을 주는 글을 350자 내외로 써라.,어려움,"['우정', '여행', '희망']",300
763,에세이,비유/은유 연습,‘마트’과(와) 전등불의 공통점을 찾아 시적이면서도 일상적인 에세이를 작성하라.,중간,"['사랑', '고독', '죽음']",400
764,에세이,비유/은유 연습,‘소풍’을(를) 파란 하늘과(와) 대비시켜 잔잔한 울림을 주는 글을 350자 내외로 써라.,어려움,"['불꽃', '자연', '강물']",300
765,에세이,비유/은유 연습,‘햇살’을(를) 종이컵과(와) 대비시켜 잔잔한 울림을 주는 글을 350자 내외로 써라.,중간,"['계절', '강물', '하늘']",500
766,에세이,비유/은유 연습,‘창문’을(를) 가로등과(와) 대비시켜 잔잔한 울림을 주는 글을 350자 내외로 써라.,중간,"['하늘', '꿈', '불꽃']",500
767,에세이,비유/은유 연습,‘퇴근길’을(를) 의자 그림자으로 상징화하여 독자가 쉽게 상상할 수 있는 글을 450자 내외로 작성하라.,어려움,"['계절', '하늘', '숲']",350
768,에세이,비유/은유 연습,‘저녁 산책’을(를) 종이컵으로 상징화하여 독자가 쉽게 상상할 수 있는 글을 450자 내외로 작성하라.,쉬움,"['철학', '꿈', '기억']",450
769,에세이,비유/은유 연습,‘비 오는 날’을(를) 촛불의 움직임에 빗대어 서정적인 글을 작성하라.,중간,"['변화', '불꽃', '우정']",300
770,에세이,비유/은유 연습,빗방울을(를) 소재로 ‘주말’의 기분과 생각을 은유적으로 표현하라.,쉬움,"['꿈', '바다', '우정']",450
771,에세이,비유/은유 연습,종소리을(를) 통해 ‘휴일’의 하루를 은유적으로 풀어낸 400자 글을 써라.,중간,"['자연', '변화', '하늘']",400
772,에세이,비유/은유 연습,‘마트’을(를) 가로등으로 상징화하여 독자가 쉽게 상상할 수 있는 글을 450자 내외로 작성하라.,어려움,"['시간', '강물', '폭풍']",400
773,에세이,비유/은유 연습,책장을(를) 소재로 ‘주말’의 기분과 생각을 은유적으로 표현하라.,중간,"['변화', '우정', '시간']",350
774,에세이,비유/은유 연습,‘버스’을(를) 흐린 구름과(와) 대비시켜 잔잔한 울림을 주는 글을 350자 내외로 써라.,쉬움,"['고독', '여행', '꿈']",500
775,에세이,비유/은유 연습,‘창문’을(를) 골목길처럼 묘사하며 독자가 공감할 수 있는 글을 작성하라.,어려움,"['철학', '죽음', '별']",350
776,에세이,비유/은유 연습,책장을(를) 통해 ‘시계’의 하루를 은유적으로 풀어낸 400자 글을 써라.,중간,"['죽음', '우정', '별']",400
777,에세이,비유/은유 연습,종소리을(를) 통해 ‘길고양이’의 하루를 은유적으로 풀어낸 400자 글을 써라.,중간,"['계절', '불꽃', '별']",350
778,에세이,비유/은유 연습,‘아침’을(를) 종이컵과(와) 대비시켜 잔잔한 울림을 주는 글을 350자 내외로 써라.,어려움,"['죽음', '불꽃', '하늘']",500
779,에세이,비유/은유 연습,‘휴대폰’과(와) 유리창의 공통점을 찾아 시적이면서도 일상적인 에세이를 작성하라.,중간,"['죽음', '변화', '사랑']",350
780,에세이,비유/은유 연습,‘주말’을(를) 흐린 구름의 움직임에 빗대어 서정적인 글을 작성하라.,쉬움,"['별', '폭풍', '꿈']",450
781,에세이,비유/은유 연습,‘주말’을(를) 가로등으로 상징화하여 독자가 쉽게 상상할 수 있는 글을 450자 내외로 작성하라.,쉬움,"['여행', '기억', '숲']",500
782,에세이,비유/은유 연습,‘도서관’을(를) 바람결과(와) 대비시켜 잔잔한 울림을 주는 글을 350자 내외로 써라.,중간,"['폭풍', '바다', '고독']",450
783,에세이,비유/은유 연습,‘비 오는 날’을(를) 종소리에 비유해 감성적인 일상 에세이를 300자 내외로 작성하라.,어려움,"['폭풍', '우정', '불꽃']",400
784,에세이,비유/은유 연습,‘자전거’을(를) 종소리처럼 묘사하며 독자가 공감할 수 있는 글을 작성하라.,어려움,"['철학', '계절', '강물']",450
785,에세이,비유/은유 연습,고양이 눈빛을(를) 소재로 ‘시계’의 기분과 생각을 은유적으로 표현하라.,중간,"['고독', '폭풍', '우정']",500
786,에세이,비유/은유 연습,‘도서관’을(를) 자동문에 비유해 감성적인 일상 에세이를 300자 내외로 작성하라.,어려움,"['여행', '꿈', '자연']",400
787,에세이,비유/은유 연습,푸른 잎을(를) 통해 ‘밤하늘’의 하루를 은유적으로 풀어낸 400자 글을 써라.,쉬움,"['변화', '자연', '사랑']",400
788,에세이,비유/은유 연습,손목시계을(를) 소재로 ‘도시의 골목’의 기분과 생각을 은유적으로 표현하라.,어려움,"['고독', '바다', '폭풍']",450
789,에세이,비유/은유 연습,흐린 구름을(를) 소재로 ‘시계’의 기분과 생각을 은유적으로 표현하라.,중간,"['강물', '희망', '기억']",300
790,에세이,비유/은유 연습,‘비 오는 날’을(를) 고양이 눈빛으로 상징화하여 독자가 쉽게 상상할 수 있는 글을 450자 내외로 작성하라.,중간,"['자연', '사랑', '하늘']",350
791,에세이,비유/은유 연습,유리창을(를) 소재로 ‘아침’의 기분과 생각을 은유적으로 표현하라.,중간,"['강물', '희망', '사랑']",350
792,에세이,비유/은유 연습,텅 빈 거리을(를) 통해 ‘시계’의 하루를 은유적으로 풀어낸 400자 글을 써라.,어려움,"['기억', '철학', '하늘']",450
793,에세이,비유/은유 연습,‘저녁 산책’을(를) 푸른 잎으로 상징화하여 독자가 쉽게 상상할 수 있는 글을 450자 내외로 작성하라.,어려움,"['하늘', '계절', '철학']",300
794,에세이,비유/은유 연습,‘비 오는 날’을(를) 유리창의 움직임에 빗대어 서정적인 글을 작성하라.,중간,"['강물', '철학', '죽음']",300
795,에세이,비유/은유 연습,‘저녁 산책’을(를) 골목길처럼 묘사하며 독자가 공감할 수 있는 글을 작성하라.,어려움,"['자연', '꿈', '하늘']",300
796,에세이,비유/은유 연습,‘휴일’을(를) 자동문으로 상징화하여 독자가 쉽게 상상할 수 있는 글을 450자 내외로 작성하라.,중간,"['기억', '시간', '사랑']",300
797,에세이,비유/은유 연습,‘저녁 산책’을(를) 골목길의 움직임에 빗대어 서정적인 글을 작성하라.,쉬움,"['기억', '고독', '철학']",500
798,에세이,비유/은유 연습,‘커피’을(를) 책장의 움직임에 빗대어 서정적인 글을 작성하라.,중간,"['별', '변화', '숲']",400
799,에세이,비유/은유 연습,푸른 잎을(를) 소재로 ‘밤하늘’의 기분과 생각을 은유적으로 표현하라.,중간,"['사랑', '하늘', '기억']",400
800,에세이,비유/은유 연습,‘버스’을(를) 골목길에 비유해 감성적인 일상 에세이를 300자 내외로 작성하라.,어려움,"['시간', '사랑', '고독']",400
801,에세이,비유/은유 연습,유리창을(를) 소재로 ‘시계’의 기분과 생각을 은유적으로 표현하라.,쉬움,"['변화', '자연', '우정']",400
802,에세이,비유/은유 연습,‘길고양이’과(와) 전등불의 공통점을 찾아 시적이면서도 일상적인 에세이를 작성하라.,중간,"['폭풍', '시간', '바다']",500
803,에세이,비유/은유 연습,‘도서관’을(를) 고양이 눈빛에 비유해 감성적인 일상 에세이를 300자 내외로 작성하라.,어려움,"['별', '불꽃', '시간']",400
804,에세이,비유/은유 연습,‘마트’을(를) 전등불과(와) 대비시켜 잔잔한 울림을 주는 글을 350자 내외로 써라.,쉬움,"['희망', '숲', '계절']",300
805,에세이,비유/은유 연습,흐린 구름을(를) 통해 ‘마트’의 하루를 은유적으로 풀어낸 400자 글을 써라.,쉬움,"['바다', '여행', '별']",500
806,에세이,비유/은유 연습,‘도시의 골목’과(와) 유리창의 공통점을 찾아 시적이면서도 일상적인 에세이를 작성하라.,어려움,"['고독', '시간', '숲']",300
807,에세이,비유/은유 연습,손목시계을(를) 소재로 ‘버스’의 기분과 생각을 은유적으로 표현하라.,중간,"['하늘', '불꽃', '기억']",500
808,에세이,비유/은유 연습,‘휴대폰’을(를) 잔잔한 음악과(와) 대비시켜 잔잔한 울림을 주는 글을 350자 내외로 써라.,중간,"['꿈', '우정', '계절']",450
809,에세이,비유/은유 연습,‘자전거’을(를) 유리창과(와) 대비시켜 잔잔한 울림을 주는 글을 350자 내외로 써라.,쉬움,"['희망', '꿈', '강물']",400
810,에세이,비유/은유 연습,‘소풍’을(를) 고양이 눈빛으로 상징화하여 독자가 쉽게 상상할 수 있는 글을 450자 내외로 작성하라.,어려움,"['기억', '여행', '하늘']",450
811,에세이,비유/은유 연습,‘버스’을(를) 손목시계으로 상징화하여 독자가 쉽게 상상할 수 있는 글을 450자 내외로 작성하라.,쉬움,"['별', '폭풍', '불꽃']",400
812,에세이,비유/은유 연습,‘휴대폰’을(를) 의자 그림자처럼 묘사하며 독자가 공감할 수 있는 글을 작성하라.,중간,"['우정', '강물', '별']",450
813,에세이,비유/은유 연습,‘도시의 골목’을(를) 푸른 잎과(와) 대비시켜 잔잔한 울림을 주는 글을 350자 내외로 써라.,중간,"['계절', '하늘', '기억']",500
814,에세이,비유/은유 연습,잔잔한 음악을(를) 통해 ‘마트’의 하루를 은유적으로 풀어낸 400자 글을 써라.,쉬움,"['시간', '바다', '불꽃']",500
815,에세이,비유/은유 연습,‘햇살’과(와) 푸른 잎의 공통점을 찾아 시적이면서도 일상적인 에세이를 작성하라.,어려움,"['바다', '기억', '우정']",400
816,에세이,비유/은유 연습,‘휴일’을(를) 책장과(와) 대비시켜 잔잔한 울림을 주는 글을 350자 내외로 써라.,중간,"['하늘', '숲', '죽음']",400
817,에세이,비유/은유 연습,‘커피’을(를) 파란 하늘으로 상징화하여 독자가 쉽게 상상할 수 있는 글을 450자 내외로 작성하라.,중간,"['꿈', '변화', '철학']",350
818,에세이,비유/은유 연습,‘버스’을(를) 골목길으로 상징화하여 독자가 쉽게 상상할 수 있는 글을 450자 내외로 작성하라.,쉬움,"['불꽃', '철학', '변화']",300
819,에세이,비유/은유 연습,‘밤하늘’과(와) 파란 하늘의 공통점을 찾아 시적이면서도 일상적인 에세이를 작성하라.,어려움,"['자연', '강물', '변화']",300
820,에세이,비유/은유 연습,‘길고양이’을(를) 푸른 잎처럼 묘사하며 독자가 공감할 수 있는 글을 작성하라.,중간,"['죽음', '기억', '사랑']",450
821,에세이,비유/은유 연습,‘카페’과(와) 파란 하늘의 공통점을 찾아 시적이면서도 일상적인 에세이를 작성하라.,쉬움,"['희망', '하늘', '우정']",300
822,에세이,비유/은유 연습,‘커피’을(를) 텅 빈 거리처럼 묘사하며 독자가 공감할 수 있는 글을 작성하라.,중간,"['여행', '우정', '계절']",500
823,에세이,비유/은유 연습,‘버스’을(를) 책장의 움직임에 빗대어 서정적인 글을 작성하라.,쉬움,"['하늘', '여행', '바다']",300
824,에세이,비유/은유 연습,전등불을(를) 소재로 ‘도시의 골목’의 기분과 생각을 은유적으로 표현하라.,쉬움,"['불꽃', '숲', '변화']",350
825,에세이,비유/은유 연습,종이컵을(를) 소재로 ‘버스’의 기분과 생각을 은유적으로 표현하라.,어려움,"['시간', '고독', '불꽃']",300
826,에세이,비유/은유 연습,바람결을(를) 소재로 ‘휴일’의 기분과 생각을 은유적으로 표현하라.,쉬움,"['고독', '꿈', '자연']",350
827,에세이,비유/은유 연습,‘저녁 산책’을(를) 흐린 구름으로 상징화하여 독자가 쉽게 상상할 수 있는 글을 450자 내외로 작성하라.,쉬움,"['희망', '강물', '꿈']",350
828,에세이,비유/은유 연습,‘카페’을(를) 바람결처럼 묘사하며 독자가 공감할 수 있는 글을 작성하라.,어려움,"['사랑', '우정', '변화']",400
829,에세이,비유/은유 연습,‘휴일’을(를) 파란 하늘과(와) 대비시켜 잔잔한 울림을 주는 글을 350자 내외로 써라.,어려움,"['우정', '여행', '죽음']",450
830,에세이,비유/은유 연습,‘휴대폰’을(를) 텅 빈 거리과(와) 대비시켜 잔잔한 울림을 주는 글을 350자 내외로 써라.,중간,"['바다', '고독', '여행']",500
831,에세이,비유/은유 연습,‘시계’을(를) 책장에 비유해 감성적인 일상 에세이를 300자 내외로 작성하라.,쉬움,"['변화', '우정', '강물']",350
832,에세이,비유/은유 연습,‘퇴근길’과(와) 책장의 공통점을 찾아 시적이면서도 일상적인 에세이를 작성하라.,어려움,"['죽음', '바다', '강물']",400
833,에세이,비유/은유 연습,‘밤하늘’을(를) 텀블러처럼 묘사하며 독자가 공감할 수 있는 글을 작성하라.,쉬움,"['꿈', '바다', '철학']",500
834,에세이,비유/은유 연습,‘커피’을(를) 의자 그림자의 움직임에 빗대어 서정적인 글을 작성하라.,쉬움,"['폭풍', '자연', '변화']",300
835,에세이,비유/은유 연습,‘비 오는 날’을(를) 푸른 잎처럼 묘사하며 독자가 공감할 수 있는 글을 작성하라.,어려움,"['불꽃', '계절', '강물']",300
836,에세이,비유/은유 연습,‘시계’을(를) 푸른 잎과(와) 대비시켜 잔잔한 울림을 주는 글을 350자 내외로 써라.,쉬움,"['자연', '고독', '변화']",300
837,에세이,비유/은유 연습,‘마트’을(를) 자동문처럼 묘사하며 독자가 공감할 수 있는 글을 작성하라.,중간,"['철학', '기억', '숲']",450
838,에세이,비유/은유 연습,‘카페’을(를) 책장에 비유해 감성적인 일상 에세이를 300자 내외로 작성하라.,어려움,"['폭풍', '사랑', '시간']",450
839,에세이,비유/은유 연습,‘휴대폰’을(를) 자동문의 움직임에 빗대어 서정적인 글을 작성하라.,어려움,"['바다', '자연', '기억']",350
840,에세이,비유/은유 연습,‘도서관’을(를) 자동문으로 상징화하여 독자가 쉽게 상상할 수 있는 글을 450자 내외로 작성하라.,쉬움,"['하늘', '철학', '강물']",400
841,에세이,비유/은유 연습,텅 빈 거리을(를) 통해 ‘햇살’의 하루를 은유적으로 풀어낸 400자 글을 써라.,중간,"['고독', '숲', '꿈']",350
842,에세이,비유/은유 연습,‘아침’을(를) 가로등으로 상징화하여 독자가 쉽게 상상할 수 있는 글을 450자 내외로 작성하라.,중간,"['별', '자연', '바다']",400
843,에세이,비유/은유 연습,종이컵을(를) 소재로 ‘휴일’의 기분과 생각을 은유적으로 표현하라.,중간,"['바다', '자연', '별']",450
844,에세이,비유/은유 연습,‘아침’을(를) 파란 하늘에 비유해 감성적인 일상 에세이를 300자 내외로 작성하라.,어려움,"['불꽃', '꿈', '폭풍']",400
845,에세이,비유/은유 연습,‘시계’을(를) 자동문의 움직임에 빗대어 서정적인 글을 작성하라.,어려움,"['우정', '불꽃', '기억']",450
846,에세이,비유/은유 연습,골목길을(를) 소재로 ‘창문’의 기분과 생각을 은유적으로 표현하라.,어려움,"['폭풍', '불꽃', '별']",350
847,에세이,비유/은유 연습,‘도서관’을(를) 의자 그림자으로 상징화하여 독자가 쉽게 상상할 수 있는 글을 450자 내외로 작성하라.,어려움,"['자연', '여행', '고독']",350
848,에세이,비유/은유 연습,‘휴일’을(를) 유리창으로 상징화하여 독자가 쉽게 상상할 수 있는 글을 450자 내외로 작성하라.,중간,"['시간', '불꽃', '하늘']",400
849,에세이,비유/은유 연습,가로등을(를) 소재로 ‘시계’의 기분과 생각을 은유적으로 표현하라.,쉬움,"['사랑', '여행', '희망']",300
850,에세이,비유/은유 연습,‘버스’과(와) 의자 그림자의 공통점을 찾아 시적이면서도 일상적인 에세이를 작성하라.,쉬움,"['우정', '폭풍', '자연']",450
851,에세이,비유/은유 연습,‘마트’을(를) 흐린 구름과(와) 대비시켜 잔잔한 울림을 주는 글을 350자 내외로 써라.,중간,"['기억', '고독', '희망']",450
852,에세이,비유/은유 연습,‘창문’을(를) 전등불으로 상징화하여 독자가 쉽게 상상할 수 있는 글을 450자 내외로 작성하라.,중간,"['여행', '우정', '기억']",350
853,에세이,비유/은유 연습,‘밤하늘’을(를) 종이컵처럼 묘사하며 독자가 공감할 수 있는 글을 작성하라.,쉬움,"['철학', '숲', '강물']",500
854,에세이,비유/은유 연습,‘커피’을(를) 종이컵처럼 묘사하며 독자가 공감할 수 있는 글을 작성하라.,어려움,"['우정', '바다', '기억']",450
855,에세이,비유/은유 연습,‘길고양이’을(를) 책장과(와) 대비시켜 잔잔한 울림을 주는 글을 350자 내외로 써라.,쉬움,"['사랑', '바다', '죽음']",500
856,에세이,비유/은유 연습,‘소풍’을(를) 유리창으로 상징화하여 독자가 쉽게 상상할 수 있는 글을 450자 내외로 작성하라.,중간,"['철학', '우정', '불꽃']",300
857,에세이,비유/은유 연습,‘커피’을(를) 자동문에 비유해 감성적인 일상 에세이를 300자 내외로 작성하라.,쉬움,"['여행', '우정', '시간']",400
858,에세이,비유/은유 연습,‘마트’을(를) 책장과(와) 대비시켜 잔잔한 울림을 주는 글을 350자 내외로 써라.,중간,"['고독', '별', '강물']",300
859,에세이,비유/은유 연습,‘아침’을(를) 바람결의 움직임에 빗대어 서정적인 글을 작성하라.,어려움,"['불꽃', '폭풍', '꿈']",350
860,에세이,비유/은유 연습,‘길고양이’을(를) 유리창으로 상징화하여 독자가 쉽게 상상할 수 있는 글을 450자 내외로 작성하라.,중간,"['하늘', '기억', '변화']",500
861,에세이,비유/은유 연습,텀블러을(를) 통해 ‘길고양이’의 하루를 은유적으로 풀어낸 400자 글을 써라.,쉬움,"['여행', '폭풍', '불꽃']",400
862,에세이,비유/은유 연습,‘자전거’을(를) 유리창과(와) 대비시켜 잔잔한 울림을 주는 글을 350자 내외로 써라.,쉬움,"['불꽃', '하늘', '강물']",500
863,에세이,비유/은유 연습,‘도시의 골목’을(를) 촛불으로 상징화하여 독자가 쉽게 상상할 수 있는 글을 450자 내외로 작성하라.,중간,"['폭풍', '하늘', '시간']",400
864,에세이,비유/은유 연습,‘햇살’을(를) 고양이 눈빛처럼 묘사하며 독자가 공감할 수 있는 글을 작성하라.,중간,"['하늘', '기억', '강물']",300
865,에세이,비유/은유 연습,‘비 오는 날’을(를) 유리창처럼 묘사하며 독자가 공감할 수 있는 글을 작성하라.,어려움,"['하늘', '별', '기억']",450
866,에세이,비유/은유 연습,파란 하늘을(를) 소재로 ‘휴대폰’의 기분과 생각을 은유적으로 표현하라.,쉬움,"['여행', '숲', '별']",300
867,에세이,비유/은유 연습,‘소풍’을(를) 텅 빈 거리으로 상징화하여 독자가 쉽게 상상할 수 있는 글을 450자 내외로 작성하라.,쉬움,"['시간', '사랑', '하늘']",350
868,에세이,비유/은유 연습,가로등을(를) 통해 ‘소풍’의 하루를 은유적으로 풀어낸 400자 글을 써라.,쉬움,"['숲', '하늘', '바다']",350
869,에세이,비유/은유 연습,텅 빈 거리을(를) 소재로 ‘길고양이’의 기분과 생각을 은유적으로 표현하라.,중간,"['여행', '사랑', '폭풍']",450
870,에세이,비유/은유 연습,‘도시의 골목’과(와) 잔잔한 음악의 공통점을 찾아 시적이면서도 일상적인 에세이를 작성하라.,중간,"['불꽃', '희망', '폭풍']",350
871,에세이,비유/은유 연습,‘비 오는 날’을(를) 촛불으로 상징화하여 독자가 쉽게 상상할 수 있는 글을 450자 내외로 작성하라.,어려움,"['기억', '숲', '하늘']",500
872,에세이,비유/은유 연습,바람결을(를) 소재로 ‘도시의 골목’의 기분과 생각을 은유적으로 표현하라.,쉬움,"['기억', '숲', '변화']",400
873,에세이,비유/은유 연습,‘카페’과(와) 의자 그림자의 공통점을 찾아 시적이면서도 일상적인 에세이를 작성하라.,중간,"['변화', '희망', '죽음']",400
874,에세이,비유/은유 연습,‘시계’과(와) 책장의 공통점을 찾아 시적이면서도 일상적인 에세이를 작성하라.,쉬움,"['여행', '철학', '불꽃']",500
875,에세이,비유/은유 연습,‘휴일’을(를) 텀블러의 움직임에 빗대어 서정적인 글을 작성하라.,어려움,"['죽음', '사랑', '숲']",400
876,에세이,비유/은유 연습,‘커피’을(를) 바람결처럼 묘사하며 독자가 공감할 수 있는 글을 작성하라.,어려움,"['강물', '자연', '죽음']",450
877,에세이,비유/은유 연습,‘도서관’과(와) 푸른 잎의 공통점을 찾아 시적이면서도 일상적인 에세이를 작성하라.,쉬움,"['희망', '사랑', '꿈']",400
878,에세이,비유/은유 연습,‘창문’을(를) 파란 하늘처럼 묘사하며 독자가 공감할 수 있는 글을 작성하라.,쉬움,"['별', '기억', '계절']",450
879,에세이,비유/은유 연습,‘자전거’을(를) 푸른 잎으로 상징화하여 독자가 쉽게 상상할 수 있는 글을 450자 내외로 작성하라.,어려움,"['사랑', '강물', '죽음']",350
880,에세이,비유/은유 연습,가로등을(를) 통해 ‘퇴근길’의 하루를 은유적으로 풀어낸 400자 글을 써라.,어려움,"['변화', '우정', '폭풍']",500
881,에세이,비유/은유 연습,‘커피’을(를) 텅 빈 거리에 비유해 감성적인 일상 에세이를 300자 내외로 작성하라.,중간,"['변화', '기억', '숲']",400
882,에세이,비유/은유 연습,‘창문’을(를) 손목시계처럼 묘사하며 독자가 공감할 수 있는 글을 작성하라.,중간,"['불꽃', '철학', '계절']",450
883,에세이,비유/은유 연습,책장을(를) 소재로 ‘시계’의 기분과 생각을 은유적으로 표현하라.,어려움,"['강물', '철학', '숲']",400
884,에세이,비유/은유 연습,‘길고양이’을(를) 골목길과(와) 대비시켜 잔잔한 울림을 주는 글을 350자 내외로 써라.,중간,"['기억', '꿈', '철학']",400
885,에세이,비유/은유 연습,‘밤하늘’을(를) 종이컵과(와) 대비시켜 잔잔한 울림을 주는 글을 350자 내외로 써라.,어려움,"['우정', '강물', '자연']",400
886,에세이,비유/은유 연습,‘밤하늘’과(와) 의자 그림자의 공통점을 찾아 시적이면서도 일상적인 에세이를 작성하라.,쉬움,"['강물', '여행', '별']",350
887,에세이,비유/은유 연습,잔잔한 음악을(를) 소재로 ‘소풍’의 기분과 생각을 은유적으로 표현하라.,쉬움,"['하늘', '죽음', '강물']",350
888,에세이,비유/은유 연습,‘비 오는 날’을(를) 유리창처럼 묘사하며 독자가 공감할 수 있는 글을 작성하라.,중간,"['죽음', '강물', '숲']",300
889,에세이,비유/은유 연습,‘창문’을(를) 파란 하늘의 움직임에 빗대어 서정적인 글을 작성하라.,어려움,"['계절', '시간', '기억']",450
890,에세이,비유/은유 연습,‘카페’을(를) 흐린 구름에 비유해 감성적인 일상 에세이를 300자 내외로 작성하라.,중간,"['철학', '변화', '하늘']",300
891,에세이,비유/은유 연습,바람결을(를) 소재로 ‘밤하늘’의 기분과 생각을 은유적으로 표현하라.,어려움,"['변화', '시간', '고독']",400
892,에세이,비유/은유 연습,‘퇴근길’을(를) 책장의 움직임에 빗대어 서정적인 글을 작성하라.,중간,"['희망', '사랑', '변화']",450
893,에세이,비유/은유 연습,‘길고양이’을(를) 잔잔한 음악과(와) 대비시켜 잔잔한 울림을 주는 글을 350자 내외로 써라.,중간,"['바다', '계절', '우정']",300
894,에세이,비유/은유 연습,‘버스’을(를) 전등불의 움직임에 빗대어 서정적인 글을 작성하라.,중간,"['폭풍', '별', '기억']",500
895,에세이,비유/은유 연습,‘도시의 골목’을(를) 바람결처럼 묘사하며 독자가 공감할 수 있는 글을 작성하라.,어려움,"['꿈', '철학', '희망']",450
896,에세이,비유/은유 연습,전등불을(를) 통해 ‘휴대폰’의 하루를 은유적으로 풀어낸 400자 글을 써라.,중간,"['죽음', '철학', '여행']",300
897,에세이,비유/은유 연습,‘주말’을(를) 책장의 움직임에 빗대어 서정적인 글을 작성하라.,쉬움,"['강물', '고독', '변화']",400
898,에세이,비유/은유 연습,손목시계을(를) 소재로 ‘휴대폰’의 기분과 생각을 은유적으로 표현하라.,어려움,"['자연', '고독', '계절']",450
899,에세이,비유/은유 연습,‘햇살’을(를) 파란 하늘의 움직임에 빗대어 서정적인 글을 작성하라.,중간,"['사랑', '기억', '폭풍']",300
900,에세이,비유/은유 연습,‘주말’을(를) 고양이 눈빛에 비유해 감성적인 일상 에세이를 300자 내외로 작성하라.,중간,"['자연', '희망', '우정']",400
901,에세이,비유/은유 연습,‘삶과 죽음’을(를) 빛과 그림자에 빗대어 존재의 의미를 탐구하는 400자 철학적 에세이를 작성하라.,어려움,"['기억', '강물', '사랑']",400
902,에세이,비유/은유 연습,‘역사’을(를) 무너진 다리에 빗대어 존재의 의미를 탐구하는 400자 철학적 에세이를 작성하라.,어려움,"['바다', '불꽃', '시간']",450
903,에세이,비유/은유 연습,‘삶과 죽음’과(와) 무한한 계단의 관계를 철학적 은유로 풀어내는 450자 글을 작성하라.,어려움,"['우정', '여행', '변화']",450
904,에세이,비유/은유 연습,별자리을(를) 매개로 ‘삶과 죽음’의 허무와 희망을 함께 드러내는 400자 에세이를 작성하라.,어려움,"['철학', '폭풍', '희망']",400
905,에세이,비유/은유 연습,‘존재’과(와) 달빛을(를) 대비시켜 인간의 삶을 성찰하는 450자 글을 작성하라.,어려움,"['불꽃', '사랑', '자연']",450
906,에세이,비유/은유 연습,흐르는 강물을(를) 매개로 ‘운명’의 허무와 희망을 함께 드러내는 400자 에세이를 작성하라.,어려움,"['계절', '불꽃', '희망']",450
907,에세이,비유/은유 연습,‘질서’과(와) 무너진 다리의 관계를 철학적 은유로 풀어내는 450자 글을 작성하라.,어려움,"['고독', '강물', '희망']",500
908,에세이,비유/은유 연습,‘혼돈’과(와) 빛과 그림자을(를) 대비시켜 인간의 삶을 성찰하는 450자 글을 작성하라.,어려움,"['불꽃', '사랑', '변화']",400
909,에세이,비유/은유 연습,‘삶과 죽음’을(를) 어두운 숲길에 빗대어 존재의 의미를 탐구하는 400자 철학적 에세이를 작성하라.,어려움,"['철학', '기억', '불꽃']",500
910,에세이,비유/은유 연습,‘혼돈’과(와) 낡은 성벽을(를) 대비시켜 인간의 삶을 성찰하는 450자 글을 작성하라.,어려움,"['숲', '계절', '죽음']",450
911,에세이,비유/은유 연습,‘허무’을(를) 모래폭풍에 빗대어 존재의 의미를 탐구하는 400자 철학적 에세이를 작성하라.,어려움,"['희망', '여행', '사랑']",500
912,에세이,비유/은유 연습,‘진리’을(를) 황혼과(와) 연결해 시간과 존재를 탐구하는 철학적 글을 450자 내외로 작성하라.,어려움,"['자연', '여행', '희망']",500
913,에세이,비유/은유 연습,검은 바다을(를) 매개로 ‘삶과 죽음’의 허무와 희망을 함께 드러내는 400자 에세이를 작성하라.,어려움,"['하늘', '죽음', '자연']",450
914,에세이,비유/은유 연습,‘기억과 망각’을(를) 무한한 계단처럼 묘사하며 초월적 시각에서 서술하는 400자 에세이를 작성하라.,어려움,"['철학', '고독', '시간']",450
915,에세이,비유/은유 연습,낡은 성벽을(를) 통해 ‘존재’의 본질을 은유적으로 해석하는 500자 글을 써라.,어려움,"['철학', '고독', '바다']",500
916,에세이,비유/은유 연습,‘무의미’을(를) 별자리에 빗대어 존재의 의미를 탐구하는 400자 철학적 에세이를 작성하라.,어려움,"['우정', '폭풍', '꿈']",450
917,에세이,비유/은유 연습,‘시간의 흐름’과(와) 빛과 그림자의 관계를 철학적 은유로 풀어내는 450자 글을 작성하라.,어려움,"['별', '여행', '기억']",450
918,에세이,비유/은유 연습,달빛을(를) 통해 ‘기억과 망각’의 본질을 은유적으로 해석하는 500자 글을 써라.,어려움,"['숲', '꿈', '불꽃']",450
919,에세이,비유/은유 연습,‘허무’을(를) 달빛처럼 묘사하며 초월적 시각에서 서술하는 400자 에세이를 작성하라.,어려움,"['기억', '강물', '별']",400
920,에세이,비유/은유 연습,‘혼돈’을(를) 고요한 호수처럼 묘사하며 초월적 시각에서 서술하는 400자 에세이를 작성하라.,어려움,"['사랑', '하늘', '철학']",450
921,에세이,비유/은유 연습,‘관계’을(를) 부서지는 파도으로 상징화해 독자에게 사색을 유도하는 500자 글을 작성하라.,어려움,"['죽음', '희망', '바다']",500
922,에세이,비유/은유 연습,‘우주’과(와) 거대한 시계의 관계를 철학적 은유로 풀어내는 450자 글을 작성하라.,어려움,"['꿈', '계절', '강물']",500
923,에세이,비유/은유 연습,‘자유의지’을(를) 모래폭풍과(와) 연결해 시간과 존재를 탐구하는 철학적 글을 450자 내외로 작성하라.,어려움,"['폭풍', '여행', '자연']",450
924,에세이,비유/은유 연습,깊은 우물을(를) 매개로 ‘무의미’의 허무와 희망을 함께 드러내는 400자 에세이를 작성하라.,어려움,"['사랑', '강물', '여행']",500
925,에세이,비유/은유 연습,검은 바다을(를) 통해 ‘삶과 죽음’의 본질을 은유적으로 해석하는 500자 글을 써라.,어려움,"['바다', '시간', '여행']",450
926,에세이,비유/은유 연습,‘질서’과(와) 부서지는 파도을(를) 대비시켜 인간의 삶을 성찰하는 450자 글을 작성하라.,어려움,"['희망', '여행', '별']",450
927,에세이,비유/은유 연습,‘기억과 망각’과(와) 깊은 우물의 관계를 철학적 은유로 풀어내는 450자 글을 작성하라.,어려움,"['바다', '철학', '변화']",450
928,에세이,비유/은유 연습,‘관계’을(를) 모래폭풍처럼 묘사하며 초월적 시각에서 서술하는 400자 에세이를 작성하라.,어려움,"['하늘', '별', '숲']",400
929,에세이,비유/은유 연습,‘기억과 망각’을(를) 낡은 성벽처럼 묘사하며 초월적 시각에서 서술하는 400자 에세이를 작성하라.,어려움,"['변화', '하늘', '자연']",400
930,에세이,비유/은유 연습,고요한 호수을(를) 통해 ‘시간의 흐름’의 본질을 은유적으로 해석하는 500자 글을 써라.,어려움,"['철학', '사랑', '시간']",400
931,에세이,비유/은유 연습,‘역사’을(를) 달빛과(와) 연결해 시간과 존재를 탐구하는 철학적 글을 450자 내외로 작성하라.,어려움,"['철학', '하늘', '계절']",450
932,에세이,비유/은유 연습,‘역사’과(와) 하얀 새벽의 관계를 철학적 은유로 풀어내는 450자 글을 작성하라.,어려움,"['사랑', '고독', '변화']",400
933,에세이,비유/은유 연습,‘자아’을(를) 안개 낀 골목에 빗대어 존재의 의미를 탐구하는 400자 철학적 에세이를 작성하라.,어려움,"['자연', '고독', '희망']",400
934,에세이,비유/은유 연습,‘자유의지’을(를) 모래폭풍에 빗대어 존재의 의미를 탐구하는 400자 철학적 에세이를 작성하라.,어려움,"['계절', '자연', '하늘']",500
935,에세이,비유/은유 연습,‘선과 악’과(와) 태풍의 눈을(를) 대비시켜 인간의 삶을 성찰하는 450자 글을 작성하라.,어려움,"['고독', '별', '우정']",450
936,에세이,비유/은유 연습,거대한 시계을(를) 매개로 ‘선과 악’의 허무와 희망을 함께 드러내는 400자 에세이를 작성하라.,어려움,"['별', '우정', '숲']",400
937,에세이,비유/은유 연습,달빛을(를) 매개로 ‘도덕’의 허무와 희망을 함께 드러내는 400자 에세이를 작성하라.,어려움,"['자연', '하늘', '변화']",450
938,에세이,비유/은유 연습,‘자아’과(와) 빛과 그림자의 관계를 철학적 은유로 풀어내는 450자 글을 작성하라.,어려움,"['별', '변화', '기억']",450
939,에세이,비유/은유 연습,‘선과 악’을(를) 부서지는 파도처럼 묘사하며 초월적 시각에서 서술하는 400자 에세이를 작성하라.,어려움,"['고독', '별', '죽음']",450
940,에세이,비유/은유 연습,‘우주’과(와) 빛과 그림자의 관계를 철학적 은유로 풀어내는 450자 글을 작성하라.,어려움,"['강물', '꿈', '별']",400
941,에세이,비유/은유 연습,‘선과 악’을(를) 안개 낀 골목과(와) 연결해 시간과 존재를 탐구하는 철학적 글을 450자 내외로 작성하라.,어려움,"['바다', '철학', '폭풍']",450
942,에세이,비유/은유 연습,흐르는 강물을(를) 매개로 ‘의식’의 허무와 희망을 함께 드러내는 400자 에세이를 작성하라.,어려움,"['철학', '별', '계절']",400
943,에세이,비유/은유 연습,‘우주’을(를) 끝없는 사막처럼 묘사하며 초월적 시각에서 서술하는 400자 에세이를 작성하라.,어려움,"['시간', '기억', '철학']",400
944,에세이,비유/은유 연습,‘운명’을(를) 황혼처럼 묘사하며 초월적 시각에서 서술하는 400자 에세이를 작성하라.,어려움,"['우정', '자연', '변화']",500
945,에세이,비유/은유 연습,‘우주’을(를) 검은 바다으로 상징화해 독자에게 사색을 유도하는 500자 글을 작성하라.,어려움,"['강물', '변화', '불꽃']",400
946,에세이,비유/은유 연습,‘의식’과(와) 부서지는 파도의 관계를 철학적 은유로 풀어내는 450자 글을 작성하라.,어려움,"['희망', '폭풍', '죽음']",500
947,에세이,비유/은유 연습,‘존재’을(를) 끝없는 사막과(와) 연결해 시간과 존재를 탐구하는 철학적 글을 450자 내외로 작성하라.,어려움,"['하늘', '기억', '폭풍']",400
948,에세이,비유/은유 연습,‘진리’을(를) 모래폭풍으로 상징화해 독자에게 사색을 유도하는 500자 글을 작성하라.,어려움,"['여행', '우정', '계절']",500
949,에세이,비유/은유 연습,‘관계’과(와) 거대한 시계을(를) 대비시켜 인간의 삶을 성찰하는 450자 글을 작성하라.,어려움,"['별', '우정', '시간']",400
950,에세이,비유/은유 연습,‘존재’을(를) 어두운 숲길처럼 묘사하며 초월적 시각에서 서술하는 400자 에세이를 작성하라.,어려움,"['변화', '시간', '죽음']",450
951,에세이,비유/은유 연습,달빛을(를) 매개로 ‘우주’의 허무와 희망을 함께 드러내는 400자 에세이를 작성하라.,어려움,"['숲', '자연', '기억']",450
952,에세이,비유/은유 연습,‘고독한 인간’을(를) 태풍의 눈에 빗대어 존재의 의미를 탐구하는 400자 철학적 에세이를 작성하라.,어려움,"['기억', '숲', '폭풍']",450
953,에세이,비유/은유 연습,‘시간의 흐름’과(와) 거울을(를) 대비시켜 인간의 삶을 성찰하는 450자 글을 작성하라.,어려움,"['별', '시간', '강물']",450
954,에세이,비유/은유 연습,‘삶과 죽음’과(와) 거울의 관계를 철학적 은유로 풀어내는 450자 글을 작성하라.,어려움,"['숲', '철학', '우정']",400
955,에세이,비유/은유 연습,‘혼돈’을(를) 부서지는 파도에 빗대어 존재의 의미를 탐구하는 400자 철학적 에세이를 작성하라.,어려움,"['사랑', '고독', '죽음']",400
956,에세이,비유/은유 연습,‘허무’을(를) 무한한 계단처럼 묘사하며 초월적 시각에서 서술하는 400자 에세이를 작성하라.,어려움,"['별', '폭풍', '희망']",500
957,에세이,비유/은유 연습,끝없는 사막을(를) 통해 ‘자아’의 본질을 은유적으로 해석하는 500자 글을 써라.,어려움,"['여행', '별', '죽음']",450
958,에세이,비유/은유 연습,‘환상’을(를) 어두운 숲길에 빗대어 존재의 의미를 탐구하는 400자 철학적 에세이를 작성하라.,어려움,"['폭풍', '계절', '변화']",450
959,에세이,비유/은유 연습,‘운명’을(를) 거울과(와) 연결해 시간과 존재를 탐구하는 철학적 글을 450자 내외로 작성하라.,어려움,"['시간', '죽음', '하늘']",400
960,에세이,비유/은유 연습,‘고독한 인간’을(를) 달빛으로 상징화해 독자에게 사색을 유도하는 500자 글을 작성하라.,어려움,"['변화', '하늘', '희망']",450
961,에세이,비유/은유 연습,‘관계’과(와) 빛과 그림자을(를) 대비시켜 인간의 삶을 성찰하는 450자 글을 작성하라.,어려움,"['우정', '불꽃', '별']",400
962,에세이,비유/은유 연습,부서지는 파도을(를) 매개로 ‘자유의지’의 허무와 희망을 함께 드러내는 400자 에세이를 작성하라.,어려움,"['변화', '강물', '고독']",450
963,에세이,비유/은유 연습,‘혼돈’과(와) 검은 바다을(를) 대비시켜 인간의 삶을 성찰하는 450자 글을 작성하라.,어려움,"['꿈', '변화', '불꽃']",400
964,에세이,비유/은유 연습,‘도덕’을(를) 황혼과(와) 연결해 시간과 존재를 탐구하는 철학적 글을 450자 내외로 작성하라.,어려움,"['불꽃', '숲', '꿈']",400
965,에세이,비유/은유 연습,무한한 계단을(를) 매개로 ‘관계’의 허무와 희망을 함께 드러내는 400자 에세이를 작성하라.,어려움,"['여행', '우정', '시간']",500
966,에세이,비유/은유 연습,‘혼돈’을(를) 별자리과(와) 연결해 시간과 존재를 탐구하는 철학적 글을 450자 내외로 작성하라.,어려움,"['변화', '죽음', '고독']",450
967,에세이,비유/은유 연습,‘자아’과(와) 무너진 다리을(를) 대비시켜 인간의 삶을 성찰하는 450자 글을 작성하라.,어려움,"['철학', '계절', '폭풍']",400
968,에세이,비유/은유 연습,‘선과 악’을(를) 태풍의 눈처럼 묘사하며 초월적 시각에서 서술하는 400자 에세이를 작성하라.,어려움,"['변화', '철학', '꿈']",450
969,에세이,비유/은유 연습,‘진리’과(와) 흐르는 강물을(를) 대비시켜 인간의 삶을 성찰하는 450자 글을 작성하라.,어려움,"['바다', '희망', '자연']",500
970,에세이,비유/은유 연습,‘자유의지’을(를) 황혼에 빗대어 존재의 의미를 탐구하는 400자 철학적 에세이를 작성하라.,어려움,"['우정', '변화', '별']",400
971,에세이,비유/은유 연습,무한한 계단을(를) 매개로 ‘운명’의 허무와 희망을 함께 드러내는 400자 에세이를 작성하라.,어려움,"['고독', '변화', '희망']",500
972,에세이,비유/은유 연습,‘무의미’을(를) 부서지는 파도과(와) 연결해 시간과 존재를 탐구하는 철학적 글을 450자 내외로 작성하라.,어려움,"['기억', '사랑', '바다']",500
973,에세이,비유/은유 연습,‘환상’을(를) 무너진 다리에 빗대어 존재의 의미를 탐구하는 400자 철학적 에세이를 작성하라.,어려움,"['꿈', '바다', '고독']",400
974,에세이,비유/은유 연습,‘우주’을(를) 황혼에 빗대어 존재의 의미를 탐구하는 400자 철학적 에세이를 작성하라.,어려움,"['불꽃', '여행', '바다']",500
975,에세이,비유/은유 연습,‘시간의 흐름’을(를) 하얀 새벽으로 상징화해 독자에게 사색을 유도하는 500자 글을 작성하라.,어려움,"['바다', '여행', '계절']",400
976,에세이,비유/은유 연습,‘고독한 인간’과(와) 무너진 다리의 관계를 철학적 은유로 풀어내는 450자 글을 작성하라.,어려움,"['별', '변화', '자연']",400
977,에세이,비유/은유 연습,‘환상’과(와) 황혼을(를) 대비시켜 인간의 삶을 성찰하는 450자 글을 작성하라.,어려움,"['철학', '고독', '폭풍']",400
978,에세이,비유/은유 연습,달빛을(를) 매개로 ‘환상’의 허무와 희망을 함께 드러내는 400자 에세이를 작성하라.,어려움,"['별', '철학', '폭풍']",400
979,에세이,비유/은유 연습,‘자아’과(와) 무너진 다리을(를) 대비시켜 인간의 삶을 성찰하는 450자 글을 작성하라.,어려움,"['변화', '계절', '죽음']",400
980,에세이,비유/은유 연습,‘환상’을(를) 태풍의 눈에 빗대어 존재의 의미를 탐구하는 400자 철학적 에세이를 작성하라.,어려움,"['별', '시간', '계절']",500
981,에세이,비유/은유 연습,‘진리’과(와) 깊은 우물을(를) 대비시켜 인간의 삶을 성찰하는 450자 글을 작성하라.,어려움,"['숲', '여행', '자연']",450
982,에세이,비유/은유 연습,‘기억과 망각’과(와) 거대한 시계을(를) 대비시켜 인간의 삶을 성찰하는 450자 글을 작성하라.,어려움,"['바다', '숲', '기억']",450
983,에세이,비유/은유 연습,‘존재’과(와) 깊은 우물을(를) 대비시켜 인간의 삶을 성찰하는 450자 글을 작성하라.,어려움,"['우정', '불꽃', '시간']",400
984,에세이,비유/은유 연습,‘의식’을(를) 모래폭풍으로 상징화해 독자에게 사색을 유도하는 500자 글을 작성하라.,어려움,"['하늘', '시간', '계절']",450
985,에세이,비유/은유 연습,별자리을(를) 매개로 ‘자아’의 허무와 희망을 함께 드러내는 400자 에세이를 작성하라.,어려움,"['바다', '자연', '강물']",500
986,에세이,비유/은유 연습,하얀 새벽을(를) 매개로 ‘고독한 인간’의 허무와 희망을 함께 드러내는 400자 에세이를 작성하라.,어려움,"['고독', '폭풍', '숲']",400
987,에세이,비유/은유 연습,‘삶과 죽음’을(를) 황혼과(와) 연결해 시간과 존재를 탐구하는 철학적 글을 450자 내외로 작성하라.,어려움,"['숲', '희망', '고독']",400
988,에세이,비유/은유 연습,끝없는 사막을(를) 통해 ‘존재’의 본질을 은유적으로 해석하는 500자 글을 써라.,어려움,"['고독', '철학', '희망']",400
989,에세이,비유/은유 연습,‘운명’을(를) 끝없는 사막에 빗대어 존재의 의미를 탐구하는 400자 철학적 에세이를 작성하라.,어려움,"['기억', '숲', '죽음']",500
990,에세이,비유/은유 연습,‘자유의지’을(를) 별자리과(와) 연결해 시간과 존재를 탐구하는 철학적 글을 450자 내외로 작성하라.,어려움,"['희망', '우정', '사랑']",450
991,에세이,비유/은유 연습,‘관계’을(를) 끝없는 사막에 빗대어 존재의 의미를 탐구하는 400자 철학적 에세이를 작성하라.,어려움,"['강물', '시간', '별']",450
992,에세이,비유/은유 연습,‘기억과 망각’을(를) 하얀 새벽에 빗대어 존재의 의미를 탐구하는 400자 철학적 에세이를 작성하라.,어려움,"['꿈', '별', '시간']",400
993,에세이,비유/은유 연습,‘관계’을(를) 하얀 새벽처럼 묘사하며 초월적 시각에서 서술하는 400자 에세이를 작성하라.,어려움,"['불꽃', '변화', '죽음']",450
994,에세이,비유/은유 연습,‘진리’을(를) 거울으로 상징화해 독자에게 사색을 유도하는 500자 글을 작성하라.,어려움,"['기억', '하늘', '여행']",400
995,에세이,비유/은유 연습,‘기억과 망각’과(와) 거대한 시계을(를) 대비시켜 인간의 삶을 성찰하는 450자 글을 작성하라.,어려움,"['자연', '꿈', '폭풍']",500
996,에세이,비유/은유 연습,‘기억과 망각’과(와) 황혼의 관계를 철학적 은유로 풀어내는 450자 글을 작성하라.,어려움,"['폭풍', '바다', '시간']",450
997,에세이,비유/은유 연습,‘의식’을(를) 낡은 성벽과(와) 연결해 시간과 존재를 탐구하는 철학적 글을 450자 내외로 작성하라.,어려움,"['폭풍', '바다', '철학']",450
998,에세이,비유/은유 연습,깊은 우물을(를) 통해 ‘도덕’의 본질을 은유적으로 해석하는 500자 글을 써라.,어려움,"['하늘', '자연', '고독']",450
999,에세이,비유/은유 연습,무너진 다리을(를) 통해 ‘존재’의 본질을 은유적으로 해석하는 500자 글을 써라.,어려움,"['강물', '숲', '죽음']",400
1000,에세이,비유/은유 연습,‘허무’을(를) 무한한 계단처럼 묘사하며 초월적 시각에서 서술하는 400자 에세이를 작성하라.,어려움,"['기억', '계절', '철학']",400
