id,category,type,prompt,difficulty,keywords,length,created_at
,시,이미지화,시의 감정을 시각화하세요: '거인 속에서 느껴지는 독특한 분위기를 그림으로 표현하세요.',어려움,"[모래시계, 사막, 은빛]",113,2025-07-22 13:57:09
,시,이미지화,시의 감정을 시각화하세요: '미로 속에서 느껴지는 독특한 분위기를 그림으로 표현하세요.',어려움,"[화산, 유리, 늑대]",92,2025-07-22 13:56:09
,시,이미지화,시의 감정을 시각화하세요: '심연 속에서 느껴지는 독특한 분위기를 그림으로 표현하세요.',중간,"[사막, 모닥불, 고목]",61,2025-07-22 13:55:09
,시,이미지화,시의 감정을 시각화하세요: '강물 속에서 느껴지는 독특한 분위기를 그림으로 표현하세요.',중간,"[달무리, 고래, 번개]",155,2025-07-22 13:54:09
,시,이미지화,시의 감정을 시각화하세요: '은하 속에서 느껴지는 독특한 분위기를 그림으로 표현하세요.',쉬움,"[폭풍, 안개, 고목]",209,2025-07-22 13:53:09
,시,이미지화,시의 감정을 시각화하세요: '연기 속에서 느껴지는 독특한 분위기를 그림으로 표현하세요.',쉬움,"[미로, 얼음, 회오리]",122,2025-07-22 13:52:09
,시,이미지화,시의 감정을 시각화하세요: '연기 속에서 느껴지는 독특한 분위기를 그림으로 표현하세요.',어려움,"[고래, 화산, 모닥불]",207,2025-07-22 13:51:09
,시,이미지화,시의 감정을 시각화하세요: '모닥불 속에서 느껴지는 독특한 분위기를 그림으로 표현하세요.',중간,"[안개, 늑대, 폭풍]",157,2025-07-22 13:50:09
,시,이미지화,시의 감정을 시각화하세요: '황혼 속에서 느껴지는 독특한 분위기를 그림으로 표현하세요.',중간,"[얼음, 회오리, 화산]",96,2025-07-22 13:49:09
,시,이미지화,시의 감정을 시각화하세요: '거인 속에서 느껴지는 독특한 분위기를 그림으로 표현하세요.',어려움,"[고목, 은빛, 고요]",176,2025-07-22 13:48:09
,시,이미지화,시의 감정을 시각화하세요: '안개 속에서 느껴지는 독특한 분위기를 그림으로 표현하세요.',쉬움,"[자취, 촛불, 얼음]",220,2025-07-22 13:47:09
,시,이미지화,시의 감정을 시각화하세요: '달무리 속에서 느껴지는 독특한 분위기를 그림으로 표현하세요.',중간,"[거인, 고목, 고래]",141,2025-07-22 13:46:09
,시,이미지화,시의 감정을 시각화하세요: '자취 속에서 느껴지는 독특한 분위기를 그림으로 표현하세요.',쉬움,"[고요, 자취, 황야]",164,2025-07-22 13:45:09
,시,이미지화,시의 감정을 시각화하세요: '황혼 속에서 느껴지는 독특한 분위기를 그림으로 표현하세요.',어려움,"[안개, 미로, 별똥별]",190,2025-07-22 13:44:09
,시,이미지화,시의 감정을 시각화하세요: '촛불 속에서 느껴지는 독특한 분위기를 그림으로 표현하세요.',쉬움,"[황야, 은하, 늑대]",131,2025-07-22 13:43:09
,시,이미지화,시의 감정을 시각화하세요: '자취 속에서 느껴지는 독특한 분위기를 그림으로 표현하세요.',중간,"[회오리, 화산, 촛불]",165,2025-07-22 13:42:09
,시,이미지화,시의 감정을 시각화하세요: '폭풍 속에서 느껴지는 독특한 분위기를 그림으로 표현하세요.',어려움,"[달무리, 별똥별, 황야]",154,2025-07-22 13:41:09
,시,이미지화,시의 감정을 시각화하세요: '안개 속에서 느껴지는 독특한 분위기를 그림으로 표현하세요.',중간,"[모래시계, 사막, 거인]",170,2025-07-22 13:40:09
,시,이미지화,시의 감정을 시각화하세요: '거울 속에서 느껴지는 독특한 분위기를 그림으로 표현하세요.',어려움,"[황야, 은빛, 모닥불]",109,2025-07-22 13:39:09
,시,이미지화,시의 감정을 시각화하세요: '고목 속에서 느껴지는 독특한 분위기를 그림으로 표현하세요.',중간,"[번개, 자취, 안개]",114,2025-07-22 13:38:09
,시,이미지화,시의 감정을 시각화하세요: '화산 속에서 느껴지는 독특한 분위기를 그림으로 표현하세요.',쉬움,"[폭풍, 미로, 황야]",217,2025-07-22 13:37:09
,시,이미지화,시의 감정을 시각화하세요: '석양 속에서 느껴지는 독특한 분위기를 그림으로 표현하세요.',중간,"[고래, 모닥불, 고목]",66,2025-07-22 13:36:09
,시,이미지화,시의 감정을 시각화하세요: '황야 속에서 느껴지는 독특한 분위기를 그림으로 표현하세요.',중간,"[폭풍, 화산, 강물]",127,2025-07-22 13:35:09
,시,이미지화,시의 감정을 시각화하세요: '석양 속에서 느껴지는 독특한 분위기를 그림으로 표현하세요.',어려움,"[모닥불, 연기, 황혼]",95,2025-07-22 13:34:09
,시,이미지화,시의 감정을 시각화하세요: '폭풍 속에서 느껴지는 독특한 분위기를 그림으로 표현하세요.',어려움,"[모래시계, 촛불, 사막]",98,2025-07-22 13:33:09
,시,이미지화,시의 감정을 시각화하세요: '거인 속에서 느껴지는 독특한 분위기를 그림으로 표현하세요.',어려움,"[거울, 강물, 안개]",123,2025-07-22 13:32:09
,시,이미지화,시의 감정을 시각화하세요: '폭풍 속에서 느껴지는 독특한 분위기를 그림으로 표현하세요.',쉬움,"[회오리, 고목, 모닥불]",160,2025-07-22 13:31:09
,시,이미지화,시의 감정을 시각화하세요: '강물 속에서 느껴지는 독특한 분위기를 그림으로 표현하세요.',쉬움,"[고목, 심연, 자취]",134,2025-07-22 13:30:09
,시,이미지화,시의 감정을 시각화하세요: '석양 속에서 느껴지는 독특한 분위기를 그림으로 표현하세요.',중간,"[흑백, 유리, 화산]",213,2025-07-22 13:29:09
,시,이미지화,시의 감정을 시각화하세요: '얼음 속에서 느껴지는 독특한 분위기를 그림으로 표현하세요.',쉬움,"[흑백, 거울, 거인]",217,2025-07-22 13:28:09
,시,이미지화,시의 감정을 시각화하세요: '황혼 속에서 느껴지는 독특한 분위기를 그림으로 표현하세요.',어려움,"[심연, 회오리, 고목]",93,2025-07-22 13:27:09
,시,이미지화,시의 감정을 시각화하세요: '얼음 속에서 느껴지는 독특한 분위기를 그림으로 표현하세요.',중간,"[황혼, 번개, 흑백]",74,2025-07-22 13:26:09
,시,이미지화,시의 감정을 시각화하세요: '화산 속에서 느껴지는 독특한 분위기를 그림으로 표현하세요.',쉬움,"[안개, 석양, 고목]",107,2025-07-22 13:25:09
,시,이미지화,시의 감정을 시각화하세요: '유리 속에서 느껴지는 독특한 분위기를 그림으로 표현하세요.',어려움,"[미로, 강물, 회오리]",62,2025-07-22 13:24:09
,시,이미지화,시의 감정을 시각화하세요: '거인 속에서 느껴지는 독특한 분위기를 그림으로 표현하세요.',쉬움,"[고요, 늑대, 거인]",170,2025-07-22 13:23:09
,시,이미지화,시의 감정을 시각화하세요: '자취 속에서 느껴지는 독특한 분위기를 그림으로 표현하세요.',어려움,"[촛불, 황야, 화산]",106,2025-07-22 13:22:09
,시,이미지화,시의 감정을 시각화하세요: '화산 속에서 느껴지는 독특한 분위기를 그림으로 표현하세요.',어려움,"[황야, 연기, 거울]",114,2025-07-22 13:21:09
,시,이미지화,시의 감정을 시각화하세요: '강물 속에서 느껴지는 독특한 분위기를 그림으로 표현하세요.',쉬움,"[모닥불, 은하, 고요]",160,2025-07-22 13:20:09
,시,이미지화,시의 감정을 시각화하세요: '흑백 속에서 느껴지는 독특한 분위기를 그림으로 표현하세요.',쉬움,"[미로, 심연, 모래시계]",161,2025-07-22 13:19:09
,시,이미지화,시의 감정을 시각화하세요: '고래 속에서 느껴지는 독특한 분위기를 그림으로 표현하세요.',중간,"[고목, 강물, 모닥불]",74,2025-07-22 13:18:09
,시,이미지화,시의 감정을 시각화하세요: '심연 속에서 느껴지는 독특한 분위기를 그림으로 표현하세요.',중간,"[회오리, 거인, 연기]",186,2025-07-22 13:17:09
,시,이미지화,시의 감정을 시각화하세요: '황야 속에서 느껴지는 독특한 분위기를 그림으로 표현하세요.',어려움,"[별똥별, 사막, 자취]",130,2025-07-22 13:16:09
,시,이미지화,시의 감정을 시각화하세요: '은하 속에서 느껴지는 독특한 분위기를 그림으로 표현하세요.',중간,"[흑백, 별똥별, 고요]",129,2025-07-22 13:15:09
,시,이미지화,시의 감정을 시각화하세요: '사막 속에서 느껴지는 독특한 분위기를 그림으로 표현하세요.',쉬움,"[연기, 미로, 유리]",188,2025-07-22 13:14:09
,시,이미지화,시의 감정을 시각화하세요: '은하 속에서 느껴지는 독특한 분위기를 그림으로 표현하세요.',어려움,"[황혼, 황야, 고요]",210,2025-07-22 13:13:09
,시,이미지화,시의 감정을 시각화하세요: '별똥별 속에서 느껴지는 독특한 분위기를 그림으로 표현하세요.',어려움,"[강물, 고목, 모닥불]",122,2025-07-22 13:12:09
,시,이미지화,시의 감정을 시각화하세요: '촛불 속에서 느껴지는 독특한 분위기를 그림으로 표현하세요.',중간,"[촛불, 모닥불, 번개]",74,2025-07-22 13:11:09
,시,이미지화,시의 감정을 시각화하세요: '안개 속에서 느껴지는 독특한 분위기를 그림으로 표현하세요.',쉬움,"[별똥별, 거인, 사막]",149,2025-07-22 13:10:09
,시,이미지화,시의 감정을 시각화하세요: '사막 속에서 느껴지는 독특한 분위기를 그림으로 표현하세요.',어려움,"[흑백, 황혼, 유리]",119,2025-07-22 13:09:09
,시,이미지화,시의 감정을 시각화하세요: '흑백 속에서 느껴지는 독특한 분위기를 그림으로 표현하세요.',중간,"[화산, 달무리, 심연]",217,2025-07-22 13:08:09
,시,이미지화,시의 감정을 시각화하세요: '황혼 속에서 느껴지는 독특한 분위기를 그림으로 표현하세요.',쉬움,"[황혼, 회오리, 모래시계]",179,2025-07-22 13:07:09
,시,이미지화,시의 감정을 시각화하세요: '폭풍 속에서 느껴지는 독특한 분위기를 그림으로 표현하세요.',중간,"[황야, 흑백, 폭풍]",215,2025-07-22 13:06:09
,시,이미지화,시의 감정을 시각화하세요: '연기 속에서 느껴지는 독특한 분위기를 그림으로 표현하세요.',쉬움,"[늑대, 자취, 고래]",73,2025-07-22 13:05:09
,시,이미지화,시의 감정을 시각화하세요: '모래시계 속에서 느껴지는 독특한 분위기를 그림으로 표현하세요.',쉬움,"[황야, 별똥별, 촛불]",103,2025-07-22 13:04:09
,시,이미지화,시의 감정을 시각화하세요: '별똥별 속에서 느껴지는 독특한 분위기를 그림으로 표현하세요.',어려움,"[화산, 황야, 강물]",181,2025-07-22 13:03:09
,시,이미지화,시의 감정을 시각화하세요: '거인 속에서 느껴지는 독특한 분위기를 그림으로 표현하세요.',어려움,"[은빛, 거울, 모래시계]",144,2025-07-22 13:02:09
,시,이미지화,시의 감정을 시각화하세요: '촛불 속에서 느껴지는 독특한 분위기를 그림으로 표현하세요.',쉬움,"[거인, 폭풍, 별똥별]",134,2025-07-22 13:01:09
,시,이미지화,시의 감정을 시각화하세요: '거울 속에서 느껴지는 독특한 분위기를 그림으로 표현하세요.',쉬움,"[고목, 강물, 사막]",140,2025-07-22 13:00:09
,시,이미지화,시의 감정을 시각화하세요: '고요 속에서 느껴지는 독특한 분위기를 그림으로 표현하세요.',중간,"[황야, 연기, 석양]",91,2025-07-22 12:59:09
,시,이미지화,시의 감정을 시각화하세요: '모닥불 속에서 느껴지는 독특한 분위기를 그림으로 표현하세요.',어려움,"[자취, 모닥불, 사막]",206,2025-07-22 12:58:09
,시,이미지화,시의 감정을 시각화하세요: '흑백 속에서 느껴지는 독특한 분위기를 그림으로 표현하세요.',쉬움,"[늑대, 촛불, 황야]",153,2025-07-22 12:57:09
,시,이미지화,시의 감정을 시각화하세요: '석양 속에서 느껴지는 독특한 분위기를 그림으로 표현하세요.',쉬움,"[고목, 거인, 회오리]",147,2025-07-22 12:56:09
,시,이미지화,시의 감정을 시각화하세요: '연기 속에서 느껴지는 독특한 분위기를 그림으로 표현하세요.',어려움,"[강물, 모래시계, 은하]",140,2025-07-22 12:55:09
,시,이미지화,시의 감정을 시각화하세요: '늑대 속에서 느껴지는 독특한 분위기를 그림으로 표현하세요.',중간,"[심연, 안개, 고래]",87,2025-07-22 12:54:09
,시,이미지화,시의 감정을 시각화하세요: '고래 속에서 느껴지는 독특한 분위기를 그림으로 표현하세요.',중간,"[거울, 흑백, 황혼]",101,2025-07-22 12:53:09
,시,이미지화,시의 감정을 시각화하세요: '유리 속에서 느껴지는 독특한 분위기를 그림으로 표현하세요.',쉬움,"[폭풍, 안개, 강물]",169,2025-07-22 12:52:09
,시,이미지화,시의 감정을 시각화하세요: '번개 속에서 느껴지는 독특한 분위기를 그림으로 표현하세요.',어려움,"[안개, 심연, 석양]",170,2025-07-22 12:51:09
,시,이미지화,시의 감정을 시각화하세요: '회오리 속에서 느껴지는 독특한 분위기를 그림으로 표현하세요.',어려움,"[고요, 심연, 번개]",72,2025-07-22 12:50:09
,시,이미지화,시의 감정을 시각화하세요: '고래 속에서 느껴지는 독특한 분위기를 그림으로 표현하세요.',쉬움,"[심연, 은빛, 사막]",78,2025-07-22 12:49:09
,시,이미지화,시의 감정을 시각화하세요: '미로 속에서 느껴지는 독특한 분위기를 그림으로 표현하세요.',쉬움,"[고요, 안개, 별똥별]",112,2025-07-22 12:48:09
,시,이미지화,시의 감정을 시각화하세요: '석양 속에서 느껴지는 독특한 분위기를 그림으로 표현하세요.',쉬움,"[달무리, 미로, 거인]",179,2025-07-22 12:47:09
,시,이미지화,시의 감정을 시각화하세요: '거울 속에서 느껴지는 독특한 분위기를 그림으로 표현하세요.',어려움,"[얼음, 유리, 심연]",191,2025-07-22 12:46:09
,시,이미지화,시의 감정을 시각화하세요: '유리 속에서 느껴지는 독특한 분위기를 그림으로 표현하세요.',중간,"[폭풍, 달무리, 거울]",98,2025-07-22 12:45:09
,시,이미지화,시의 감정을 시각화하세요: '황야 속에서 느껴지는 독특한 분위기를 그림으로 표현하세요.',쉬움,"[거울, 자취, 안개]",78,2025-07-22 12:44:09
,시,이미지화,시의 감정을 시각화하세요: '석양 속에서 느껴지는 독특한 분위기를 그림으로 표현하세요.',어려움,"[석양, 별똥별, 사막]",181,2025-07-22 12:43:09
,시,이미지화,시의 감정을 시각화하세요: '심연 속에서 느껴지는 독특한 분위기를 그림으로 표현하세요.',쉬움,"[연기, 거인, 촛불]",127,2025-07-22 12:42:09
,시,이미지화,시의 감정을 시각화하세요: '얼음 속에서 느껴지는 독특한 분위기를 그림으로 표현하세요.',어려움,"[번개, 달무리, 거인]",143,2025-07-22 12:41:09
,시,이미지화,시의 감정을 시각화하세요: '석양 속에서 느껴지는 독특한 분위기를 그림으로 표현하세요.',어려움,"[고래, 별똥별, 거울]",70,2025-07-22 12:40:09
,시,이미지화,시의 감정을 시각화하세요: '거인 속에서 느껴지는 독특한 분위기를 그림으로 표현하세요.',어려움,"[사막, 흑백, 얼음]",207,2025-07-22 12:39:09
,시,이미지화,시의 감정을 시각화하세요: '거인 속에서 느껴지는 독특한 분위기를 그림으로 표현하세요.',중간,"[늑대, 화산, 번개]",123,2025-07-22 12:38:09
,시,이미지화,시의 감정을 시각화하세요: '연기 속에서 느껴지는 독특한 분위기를 그림으로 표현하세요.',쉬움,"[회오리, 강물, 모래시계]",198,2025-07-22 12:37:09
,시,이미지화,시의 감정을 시각화하세요: '고래 속에서 느껴지는 독특한 분위기를 그림으로 표현하세요.',쉬움,"[화산, 모닥불, 사막]",175,2025-07-22 12:36:09
,시,이미지화,시의 감정을 시각화하세요: '고목 속에서 느껴지는 독특한 분위기를 그림으로 표현하세요.',중간,"[촛불, 늑대, 회오리]",215,2025-07-22 12:35:09
,시,이미지화,시의 감정을 시각화하세요: '강물 속에서 느껴지는 독특한 분위기를 그림으로 표현하세요.',어려움,"[석양, 강물, 사막]",83,2025-07-22 12:34:09
,시,이미지화,시의 감정을 시각화하세요: '고래 속에서 느껴지는 독특한 분위기를 그림으로 표현하세요.',쉬움,"[모래시계, 얼음, 화산]",84,2025-07-22 12:33:09
,시,이미지화,시의 감정을 시각화하세요: '거인 속에서 느껴지는 독특한 분위기를 그림으로 표현하세요.',쉬움,"[미로, 폭풍, 석양]",209,2025-07-22 12:32:09
,시,이미지화,시의 감정을 시각화하세요: '자취 속에서 느껴지는 독특한 분위기를 그림으로 표현하세요.',어려움,"[은빛, 폭풍, 촛불]",92,2025-07-22 12:31:09
,시,이미지화,시의 감정을 시각화하세요: '황야 속에서 느껴지는 독특한 분위기를 그림으로 표현하세요.',중간,"[늑대, 미로, 흑백]",167,2025-07-22 12:30:09
,시,이미지화,시의 감정을 시각화하세요: '황야 속에서 느껴지는 독특한 분위기를 그림으로 표현하세요.',어려움,"[흑백, 자취, 달무리]",213,2025-07-22 12:29:09
,시,이미지화,시의 감정을 시각화하세요: '황혼 속에서 느껴지는 독특한 분위기를 그림으로 표현하세요.',중간,"[모닥불, 촛불, 심연]",220,2025-07-22 12:28:09
,시,이미지화,시의 감정을 시각화하세요: '고목 속에서 느껴지는 독특한 분위기를 그림으로 표현하세요.',어려움,"[모래시계, 모닥불, 촛불]",182,2025-07-22 12:27:09
,시,이미지화,시의 감정을 시각화하세요: '석양 속에서 느껴지는 독특한 분위기를 그림으로 표현하세요.',쉬움,"[황혼, 모닥불, 늑대]",150,2025-07-22 12:26:09
,시,이미지화,시의 감정을 시각화하세요: '은빛 속에서 느껴지는 독특한 분위기를 그림으로 표현하세요.',어려움,"[흑백, 유리, 황야]",60,2025-07-22 12:25:09
,시,이미지화,시의 감정을 시각화하세요: '거울 속에서 느껴지는 독특한 분위기를 그림으로 표현하세요.',중간,"[안개, 흑백, 자취]",114,2025-07-22 12:24:09
,시,이미지화,시의 감정을 시각화하세요: '화산 속에서 느껴지는 독특한 분위기를 그림으로 표현하세요.',중간,"[별똥별, 모닥불, 거울]",95,2025-07-22 12:23:09
,시,이미지화,시의 감정을 시각화하세요: '고목 속에서 느껴지는 독특한 분위기를 그림으로 표현하세요.',중간,"[황혼, 흑백, 모래시계]",132,2025-07-22 12:22:09
,시,이미지화,시의 감정을 시각화하세요: '미로 속에서 느껴지는 독특한 분위기를 그림으로 표현하세요.',중간,"[자취, 연기, 유리]",127,2025-07-22 12:21:09
,시,이미지화,시의 감정을 시각화하세요: '황혼 속에서 느껴지는 독특한 분위기를 그림으로 표현하세요.',어려움,"[고요, 모래시계, 미로]",78,2025-07-22 12:20:09
,시,이미지화,시의 감정을 시각화하세요: '강물 속에서 느껴지는 독특한 분위기를 그림으로 표현하세요.',쉬움,"[심연, 고래, 얼음]",115,2025-07-22 12:19:09
,시,이미지화,시의 감정을 시각화하세요: '은빛 속에서 느껴지는 독특한 분위기를 그림으로 표현하세요.',쉬움,"[고목, 달무리, 심연]",135,2025-07-22 12:18:09
,시,이미지화,시의 감정을 시각화하세요: '달무리 속에서 느껴지는 독특한 분위기를 그림으로 표현하세요.',어려움,"[달무리, 회오리, 미로]",178,2025-07-22 12:17:09
,시,이미지화,시의 감정을 시각화하세요: '황혼 속에서 느껴지는 독특한 분위기를 그림으로 표현하세요.',어려움,"[거인, 자취, 폭풍]",120,2025-07-22 12:16:09
,시,이미지화,시의 감정을 시각화하세요: '거울 속에서 느껴지는 독특한 분위기를 그림으로 표현하세요.',중간,"[촛불, 얼음, 별똥별]",148,2025-07-22 12:15:09
,시,이미지화,시의 감정을 시각화하세요: '유리 속에서 느껴지는 독특한 분위기를 그림으로 표현하세요.',어려움,"[모래시계, 고요, 별똥별]",88,2025-07-22 12:14:09
,시,이미지화,시의 감정을 시각화하세요: '고요 속에서 느껴지는 독특한 분위기를 그림으로 표현하세요.',어려움,"[황혼, 연기, 번개]",63,2025-07-22 12:13:09
,시,이미지화,시의 감정을 시각화하세요: '안개 속에서 느껴지는 독특한 분위기를 그림으로 표현하세요.',어려움,"[고래, 회오리, 얼음]",77,2025-07-22 12:12:09
,시,이미지화,시의 감정을 시각화하세요: '유리 속에서 느껴지는 독특한 분위기를 그림으로 표현하세요.',중간,"[안개, 별똥별, 황야]",98,2025-07-22 12:11:09
,시,이미지화,시의 감정을 시각화하세요: '유리 속에서 느껴지는 독특한 분위기를 그림으로 표현하세요.',어려움,"[얼음, 강물, 심연]",197,2025-07-22 12:10:09
,시,이미지화,시의 감정을 시각화하세요: '번개 속에서 느껴지는 독특한 분위기를 그림으로 표현하세요.',중간,"[미로, 심연, 고래]",211,2025-07-22 12:09:09
,시,이미지화,시의 감정을 시각화하세요: '미로 속에서 느껴지는 독특한 분위기를 그림으로 표현하세요.',쉬움,"[촛불, 안개, 석양]",220,2025-07-22 12:08:09
,시,이미지화,시의 감정을 시각화하세요: '심연 속에서 느껴지는 독특한 분위기를 그림으로 표현하세요.',어려움,"[황야, 모래시계, 모닥불]",81,2025-07-22 12:07:09
,시,이미지화,시의 감정을 시각화하세요: '거울 속에서 느껴지는 독특한 분위기를 그림으로 표현하세요.',쉬움,"[사막, 거울, 연기]",96,2025-07-22 12:06:09
,시,이미지화,시의 감정을 시각화하세요: '심연 속에서 느껴지는 독특한 분위기를 그림으로 표현하세요.',어려움,"[거울, 촛불, 사막]",127,2025-07-22 12:05:09
,시,이미지화,시의 감정을 시각화하세요: '촛불 속에서 느껴지는 독특한 분위기를 그림으로 표현하세요.',어려움,"[거인, 강물, 미로]",170,2025-07-22 12:04:09
,시,이미지화,시의 감정을 시각화하세요: '황혼 속에서 느껴지는 독특한 분위기를 그림으로 표현하세요.',어려움,"[모래시계, 별똥별, 사막]",162,2025-07-22 12:03:09
,시,이미지화,시의 감정을 시각화하세요: '촛불 속에서 느껴지는 독특한 분위기를 그림으로 표현하세요.',중간,"[거인, 은빛, 촛불]",211,2025-07-22 12:02:09
,시,이미지화,시의 감정을 시각화하세요: '유리 속에서 느껴지는 독특한 분위기를 그림으로 표현하세요.',어려움,"[모닥불, 석양, 연기]",122,2025-07-22 12:01:09
,시,이미지화,시의 감정을 시각화하세요: '사막 속에서 느껴지는 독특한 분위기를 그림으로 표현하세요.',어려움,"[거울, 늑대, 얼음]",113,2025-07-22 12:00:09
,시,이미지화,시의 감정을 시각화하세요: '번개 속에서 느껴지는 독특한 분위기를 그림으로 표현하세요.',어려움,"[회오리, 별똥별, 은하]",140,2025-07-22 11:59:09
,시,이미지화,시의 감정을 시각화하세요: '별똥별 속에서 느껴지는 독특한 분위기를 그림으로 표현하세요.',어려움,"[거울, 자취, 사막]",177,2025-07-22 11:58:09
,시,이미지화,시의 감정을 시각화하세요: '늑대 속에서 느껴지는 독특한 분위기를 그림으로 표현하세요.',어려움,"[화산, 회오리, 늑대]",192,2025-07-22 11:57:09
,시,이미지화,시의 감정을 시각화하세요: '유리 속에서 느껴지는 독특한 분위기를 그림으로 표현하세요.',어려움,"[모래시계, 심연, 거인]",178,2025-07-22 11:56:09
,시,이미지화,시의 감정을 시각화하세요: '황야 속에서 느껴지는 독특한 분위기를 그림으로 표현하세요.',쉬움,"[자취, 번개, 은하]",103,2025-07-22 11:55:09
,시,이미지화,시의 감정을 시각화하세요: '고요 속에서 느껴지는 독특한 분위기를 그림으로 표현하세요.',어려움,"[거울, 안개, 황혼]",107,2025-07-22 11:54:09
,시,이미지화,시의 감정을 시각화하세요: '황야 속에서 느껴지는 독특한 분위기를 그림으로 표현하세요.',중간,"[모래시계, 석양, 번개]",77,2025-07-22 11:53:09
,시,이미지화,시의 감정을 시각화하세요: '황혼 속에서 느껴지는 독특한 분위기를 그림으로 표현하세요.',어려움,"[번개, 황혼, 거울]",68,2025-07-22 11:52:09
,시,이미지화,시의 감정을 시각화하세요: '모닥불 속에서 느껴지는 독특한 분위기를 그림으로 표현하세요.',쉬움,"[고요, 늑대, 심연]",79,2025-07-22 11:51:09
,시,이미지화,시의 감정을 시각화하세요: '얼음 속에서 느껴지는 독특한 분위기를 그림으로 표현하세요.',어려움,"[모닥불, 화산, 석양]",206,2025-07-22 11:50:09
,시,이미지화,시의 감정을 시각화하세요: '촛불 속에서 느껴지는 독특한 분위기를 그림으로 표현하세요.',어려움,"[촛불, 자취, 고요]",181,2025-07-22 11:49:09
,시,이미지화,시의 감정을 시각화하세요: '고목 속에서 느껴지는 독특한 분위기를 그림으로 표현하세요.',중간,"[사막, 고목, 거인]",87,2025-07-22 11:48:09
,시,이미지화,시의 감정을 시각화하세요: '달무리 속에서 느껴지는 독특한 분위기를 그림으로 표현하세요.',중간,"[달무리, 얼음, 회오리]",209,2025-07-22 11:47:09
,시,이미지화,시의 감정을 시각화하세요: '얼음 속에서 느껴지는 독특한 분위기를 그림으로 표현하세요.',중간,"[거울, 고래, 폭풍]",190,2025-07-22 11:46:09
,시,이미지화,시의 감정을 시각화하세요: '촛불 속에서 느껴지는 독특한 분위기를 그림으로 표현하세요.',쉬움,"[회오리, 은하, 사막]",193,2025-07-22 11:45:09
,시,이미지화,시의 감정을 시각화하세요: '미로 속에서 느껴지는 독특한 분위기를 그림으로 표현하세요.',어려움,"[폭풍, 촛불, 화산]",132,2025-07-22 11:44:09
,시,이미지화,시의 감정을 시각화하세요: '자취 속에서 느껴지는 독특한 분위기를 그림으로 표현하세요.',중간,"[사막, 거울, 얼음]",161,2025-07-22 11:43:09
,시,이미지화,시의 감정을 시각화하세요: '폭풍 속에서 느껴지는 독특한 분위기를 그림으로 표현하세요.',쉬움,"[촛불, 거인, 폭풍]",108,2025-07-22 11:42:09
,시,이미지화,시의 감정을 시각화하세요: '고요 속에서 느껴지는 독특한 분위기를 그림으로 표현하세요.',쉬움,"[자취, 흑백, 황야]",156,2025-07-22 11:41:09
,시,이미지화,시의 감정을 시각화하세요: '모닥불 속에서 느껴지는 독특한 분위기를 그림으로 표현하세요.',어려움,"[안개, 유리, 석양]",192,2025-07-22 11:40:09
,시,이미지화,시의 감정을 시각화하세요: '늑대 속에서 느껴지는 독특한 분위기를 그림으로 표현하세요.',중간,"[황야, 얼음, 촛불]",64,2025-07-22 11:39:09
,시,이미지화,시의 감정을 시각화하세요: '안개 속에서 느껴지는 독특한 분위기를 그림으로 표현하세요.',어려움,"[심연, 얼음, 달무리]",187,2025-07-22 11:38:09
,시,이미지화,시의 감정을 시각화하세요: '폭풍 속에서 느껴지는 독특한 분위기를 그림으로 표현하세요.',쉬움,"[사막, 은빛, 고목]",105,2025-07-22 11:37:09
,시,이미지화,시의 감정을 시각화하세요: '연기 속에서 느껴지는 독특한 분위기를 그림으로 표현하세요.',중간,"[폭풍, 모닥불, 사막]",179,2025-07-22 11:36:09
,시,이미지화,시의 감정을 시각화하세요: '자취 속에서 느껴지는 독특한 분위기를 그림으로 표현하세요.',쉬움,"[황혼, 흑백, 심연]",125,2025-07-22 11:35:09
,시,이미지화,시의 감정을 시각화하세요: '자취 속에서 느껴지는 독특한 분위기를 그림으로 표현하세요.',쉬움,"[석양, 자취, 달무리]",151,2025-07-22 11:34:09
,시,이미지화,시의 감정을 시각화하세요: '은하 속에서 느껴지는 독특한 분위기를 그림으로 표현하세요.',쉬움,"[거인, 화산, 촛불]",155,2025-07-22 11:33:09
,시,이미지화,시의 감정을 시각화하세요: '폭풍 속에서 느껴지는 독특한 분위기를 그림으로 표현하세요.',어려움,"[늑대, 자취, 모닥불]",121,2025-07-22 11:32:09
,시,이미지화,시의 감정을 시각화하세요: '거인 속에서 느껴지는 독특한 분위기를 그림으로 표현하세요.',어려움,"[폭풍, 거인, 유리]",78,2025-07-22 11:31:09
,시,이미지화,시의 감정을 시각화하세요: '은하 속에서 느껴지는 독특한 분위기를 그림으로 표현하세요.',쉬움,"[별똥별, 폭풍, 고래]",150,2025-07-22 11:30:09
,시,이미지화,시의 감정을 시각화하세요: '연기 속에서 느껴지는 독특한 분위기를 그림으로 표현하세요.',어려움,"[모래시계, 모닥불, 안개]",175,2025-07-22 11:29:09
,시,이미지화,시의 감정을 시각화하세요: '사막 속에서 느껴지는 독특한 분위기를 그림으로 표현하세요.',중간,"[고요, 늑대, 모닥불]",212,2025-07-22 11:28:09
,시,이미지화,시의 감정을 시각화하세요: '달무리 속에서 느껴지는 독특한 분위기를 그림으로 표현하세요.',어려움,"[달무리, 은빛, 황야]",198,2025-07-22 11:27:09
,시,이미지화,시의 감정을 시각화하세요: '늑대 속에서 느껴지는 독특한 분위기를 그림으로 표현하세요.',어려움,"[별똥별, 거인, 모닥불]",159,2025-07-22 11:26:09
,시,이미지화,시의 감정을 시각화하세요: '늑대 속에서 느껴지는 독특한 분위기를 그림으로 표현하세요.',어려움,"[거인, 늑대, 황혼]",179,2025-07-22 11:25:09
,시,이미지화,시의 감정을 시각화하세요: '고요 속에서 느껴지는 독특한 분위기를 그림으로 표현하세요.',어려움,"[화산, 달무리, 황혼]",183,2025-07-22 11:24:09
,시,이미지화,시의 감정을 시각화하세요: '별똥별 속에서 느껴지는 독특한 분위기를 그림으로 표현하세요.',어려움,"[은하, 늑대, 촛불]",206,2025-07-22 11:23:09
,시,이미지화,시의 감정을 시각화하세요: '은빛 속에서 느껴지는 독특한 분위기를 그림으로 표현하세요.',어려움,"[미로, 화산, 거울]",97,2025-07-22 11:22:09
,시,이미지화,시의 감정을 시각화하세요: '강물 속에서 느껴지는 독특한 분위기를 그림으로 표현하세요.',중간,"[늑대, 석양, 달무리]",192,2025-07-22 11:21:09
,시,이미지화,시의 감정을 시각화하세요: '심연 속에서 느껴지는 독특한 분위기를 그림으로 표현하세요.',어려움,"[촛불, 안개, 별똥별]",145,2025-07-22 11:20:09
,시,이미지화,시의 감정을 시각화하세요: '황야 속에서 느껴지는 독특한 분위기를 그림으로 표현하세요.',중간,"[미로, 사막, 달무리]",172,2025-07-22 11:19:09
,시,이미지화,시의 감정을 시각화하세요: '얼음 속에서 느껴지는 독특한 분위기를 그림으로 표현하세요.',쉬움,"[사막, 얼음, 모닥불]",108,2025-07-22 11:18:09
,시,이미지화,시의 감정을 시각화하세요: '안개 속에서 느껴지는 독특한 분위기를 그림으로 표현하세요.',중간,"[연기, 거인, 촛불]",186,2025-07-22 11:17:09
,시,이미지화,시의 감정을 시각화하세요: '석양 속에서 느껴지는 독특한 분위기를 그림으로 표현하세요.',중간,"[연기, 모닥불, 얼음]",213,2025-07-22 11:16:09
,시,이미지화,시의 감정을 시각화하세요: '연기 속에서 느껴지는 독특한 분위기를 그림으로 표현하세요.',중간,"[강물, 별똥별, 얼음]",92,2025-07-22 11:15:09
,시,이미지화,시의 감정을 시각화하세요: '자취 속에서 느껴지는 독특한 분위기를 그림으로 표현하세요.',쉬움,"[안개, 황혼, 촛불]",208,2025-07-22 11:14:09
,시,이미지화,시의 감정을 시각화하세요: '번개 속에서 느껴지는 독특한 분위기를 그림으로 표현하세요.',중간,"[모래시계, 고래, 흑백]",166,2025-07-22 11:13:09
,시,이미지화,시의 감정을 시각화하세요: '유리 속에서 느껴지는 독특한 분위기를 그림으로 표현하세요.',중간,"[고래, 촛불, 연기]",131,2025-07-22 11:12:09
,시,이미지화,시의 감정을 시각화하세요: '회오리 속에서 느껴지는 독특한 분위기를 그림으로 표현하세요.',어려움,"[모닥불, 달무리, 연기]",141,2025-07-22 11:11:09
,시,이미지화,시의 감정을 시각화하세요: '촛불 속에서 느껴지는 독특한 분위기를 그림으로 표현하세요.',중간,"[거울, 사막, 고래]",115,2025-07-22 11:10:09
,시,이미지화,시의 감정을 시각화하세요: '촛불 속에서 느껴지는 독특한 분위기를 그림으로 표현하세요.',쉬움,"[고래, 거울, 달무리]",217,2025-07-22 11:09:09
,시,이미지화,시의 감정을 시각화하세요: '늑대 속에서 느껴지는 독특한 분위기를 그림으로 표현하세요.',어려움,"[심연, 황야, 석양]",145,2025-07-22 11:08:09
,시,이미지화,시의 감정을 시각화하세요: '번개 속에서 느껴지는 독특한 분위기를 그림으로 표현하세요.',쉬움,"[연기, 은빛, 유리]",159,2025-07-22 11:07:09
,시,이미지화,시의 감정을 시각화하세요: '얼음 속에서 느껴지는 독특한 분위기를 그림으로 표현하세요.',쉬움,"[거울, 늑대, 얼음]",188,2025-07-22 11:06:09
,시,이미지화,시의 감정을 시각화하세요: '석양 속에서 느껴지는 독특한 분위기를 그림으로 표현하세요.',중간,"[심연, 자취, 석양]",178,2025-07-22 11:05:09
,시,이미지화,시의 감정을 시각화하세요: '고목 속에서 느껴지는 독특한 분위기를 그림으로 표현하세요.',쉬움,"[흑백, 모래시계, 고요]",138,2025-07-22 11:04:09
,시,이미지화,시의 감정을 시각화하세요: '연기 속에서 느껴지는 독특한 분위기를 그림으로 표현하세요.',어려움,"[고목, 은빛, 화산]",208,2025-07-22 11:03:09
,시,이미지화,시의 감정을 시각화하세요: '화산 속에서 느껴지는 독특한 분위기를 그림으로 표현하세요.',쉬움,"[화산, 미로, 고목]",109,2025-07-22 11:02:09
,시,이미지화,시의 감정을 시각화하세요: '흑백 속에서 느껴지는 독특한 분위기를 그림으로 표현하세요.',어려움,"[강물, 모래시계, 미로]",191,2025-07-22 11:01:09
,시,이미지화,시의 감정을 시각화하세요: '고래 속에서 느껴지는 독특한 분위기를 그림으로 표현하세요.',중간,"[은하, 별똥별, 고래]",105,2025-07-22 11:00:09
,시,이미지화,시의 감정을 시각화하세요: '얼음 속에서 느껴지는 독특한 분위기를 그림으로 표현하세요.',어려움,"[달무리, 고목, 고요]",93,2025-07-22 10:59:09
,시,이미지화,시의 감정을 시각화하세요: '석양 속에서 느껴지는 독특한 분위기를 그림으로 표현하세요.',어려움,"[고요, 모닥불, 모래시계]",189,2025-07-22 10:58:09
,시,이미지화,시의 감정을 시각화하세요: '심연 속에서 느껴지는 독특한 분위기를 그림으로 표현하세요.',중간,"[달무리, 폭풍, 번개]",73,2025-07-22 10:57:09
,시,이미지화,시의 감정을 시각화하세요: '연기 속에서 느껴지는 독특한 분위기를 그림으로 표현하세요.',어려움,"[촛불, 흑백, 거인]",201,2025-07-22 10:56:09
,시,이미지화,시의 감정을 시각화하세요: '고목 속에서 느껴지는 독특한 분위기를 그림으로 표현하세요.',중간,"[회오리, 고래, 강물]",67,2025-07-22 10:55:09
,시,이미지화,시의 감정을 시각화하세요: '모닥불 속에서 느껴지는 독특한 분위기를 그림으로 표현하세요.',중간,"[자취, 고목, 미로]",211,2025-07-22 10:54:09
,시,이미지화,시의 감정을 시각화하세요: '사막 속에서 느껴지는 독특한 분위기를 그림으로 표현하세요.',쉬움,"[고요, 폭풍, 안개]",78,2025-07-22 10:53:09
,시,이미지화,시의 감정을 시각화하세요: '늑대 속에서 느껴지는 독특한 분위기를 그림으로 표현하세요.',중간,"[모래시계, 자취, 안개]",92,2025-07-22 10:52:09
,시,이미지화,시의 감정을 시각화하세요: '석양 속에서 느껴지는 독특한 분위기를 그림으로 표현하세요.',쉬움,"[모닥불, 사막, 유리]",170,2025-07-22 10:51:09
,시,이미지화,시의 감정을 시각화하세요: '황혼 속에서 느껴지는 독특한 분위기를 그림으로 표현하세요.',쉬움,"[석양, 자취, 은빛]",128,2025-07-22 10:50:09
,시,이미지화,시의 감정을 시각화하세요: '사막 속에서 느껴지는 독특한 분위기를 그림으로 표현하세요.',중간,"[황혼, 화산, 심연]",208,2025-07-22 10:49:09
,시,이미지화,시의 감정을 시각화하세요: '사막 속에서 느껴지는 독특한 분위기를 그림으로 표현하세요.',어려움,"[고요, 연기, 늑대]",171,2025-07-22 10:48:09
,시,이미지화,시의 감정을 시각화하세요: '촛불 속에서 느껴지는 독특한 분위기를 그림으로 표현하세요.',중간,"[늑대, 별똥별, 황혼]",73,2025-07-22 10:47:09
,시,이미지화,시의 감정을 시각화하세요: '연기 속에서 느껴지는 독특한 분위기를 그림으로 표현하세요.',중간,"[안개, 연기, 유리]",178,2025-07-22 10:46:09
,시,이미지화,시의 감정을 시각화하세요: '은하 속에서 느껴지는 독특한 분위기를 그림으로 표현하세요.',어려움,"[자취, 심연, 거울]",196,2025-07-22 10:45:09
,시,이미지화,시의 감정을 시각화하세요: '고요 속에서 느껴지는 독특한 분위기를 그림으로 표현하세요.',중간,"[석양, 은빛, 고래]",185,2025-07-22 10:44:09
,시,이미지화,시의 감정을 시각화하세요: '고목 속에서 느껴지는 독특한 분위기를 그림으로 표현하세요.',중간,"[강물, 은빛, 얼음]",106,2025-07-22 10:43:09
,시,이미지화,시의 감정을 시각화하세요: '흑백 속에서 느껴지는 독특한 분위기를 그림으로 표현하세요.',어려움,"[고래, 모래시계, 화산]",71,2025-07-22 10:42:09
,시,이미지화,시의 감정을 시각화하세요: '고요 속에서 느껴지는 독특한 분위기를 그림으로 표현하세요.',어려움,"[석양, 미로, 고요]",151,2025-07-22 10:41:09
,시,이미지화,시의 감정을 시각화하세요: '고요 속에서 느껴지는 독특한 분위기를 그림으로 표현하세요.',쉬움,"[고요, 황혼, 석양]",170,2025-07-22 10:40:09
,시,이미지화,시의 감정을 시각화하세요: '자취 속에서 느껴지는 독특한 분위기를 그림으로 표현하세요.',어려움,"[은빛, 황야, 달무리]",117,2025-07-22 10:39:09
,시,이미지화,시의 감정을 시각화하세요: '강물 속에서 느껴지는 독특한 분위기를 그림으로 표현하세요.',쉬움,"[모닥불, 폭풍, 얼음]",117,2025-07-22 10:38:09
,시,이미지화,시의 감정을 시각화하세요: '얼음 속에서 느껴지는 독특한 분위기를 그림으로 표현하세요.',쉬움,"[달무리, 회오리, 황혼]",78,2025-07-22 10:37:09
,시,이미지화,시의 감정을 시각화하세요: '회오리 속에서 느껴지는 독특한 분위기를 그림으로 표현하세요.',중간,"[고래, 연기, 얼음]",184,2025-07-22 10:36:09
,시,이미지화,시의 감정을 시각화하세요: '모래시계 속에서 느껴지는 독특한 분위기를 그림으로 표현하세요.',쉬움,"[미로, 강물, 거울]",195,2025-07-22 10:35:09
,시,이미지화,시의 감정을 시각화하세요: '촛불 속에서 느껴지는 독특한 분위기를 그림으로 표현하세요.',중간,"[고목, 은빛, 사막]",153,2025-07-22 10:34:09
,시,이미지화,시의 감정을 시각화하세요: '번개 속에서 느껴지는 독특한 분위기를 그림으로 표현하세요.',어려움,"[강물, 거울, 자취]",61,2025-07-22 10:33:09
,시,이미지화,시의 감정을 시각화하세요: '은하 속에서 느껴지는 독특한 분위기를 그림으로 표현하세요.',어려움,"[황야, 안개, 은빛]",90,2025-07-22 10:32:09
,시,이미지화,시의 감정을 시각화하세요: '유리 속에서 느껴지는 독특한 분위기를 그림으로 표현하세요.',어려움,"[회오리, 거인, 연기]",146,2025-07-22 10:31:09
,시,이미지화,시의 감정을 시각화하세요: '거울 속에서 느껴지는 독특한 분위기를 그림으로 표현하세요.',어려움,"[모래시계, 폭풍, 화산]",65,2025-07-22 10:30:09
,시,이미지화,시의 감정을 시각화하세요: '고목 속에서 느껴지는 독특한 분위기를 그림으로 표현하세요.',어려움,"[모래시계, 폭풍, 강물]",183,2025-07-22 10:29:09
,시,이미지화,시의 감정을 시각화하세요: '자취 속에서 느껴지는 독특한 분위기를 그림으로 표현하세요.',어려움,"[미로, 심연, 안개]",77,2025-07-22 10:28:09
,시,이미지화,시의 감정을 시각화하세요: '황혼 속에서 느껴지는 독특한 분위기를 그림으로 표현하세요.',어려움,"[연기, 별똥별, 번개]",167,2025-07-22 10:27:09
,시,이미지화,시의 감정을 시각화하세요: '거인 속에서 느껴지는 독특한 분위기를 그림으로 표현하세요.',중간,"[자취, 고목, 황혼]",199,2025-07-22 10:26:09
,시,이미지화,시의 감정을 시각화하세요: '고요 속에서 느껴지는 독특한 분위기를 그림으로 표현하세요.',중간,"[미로, 심연, 얼음]",124,2025-07-22 10:25:09
,시,이미지화,시의 감정을 시각화하세요: '미로 속에서 느껴지는 독특한 분위기를 그림으로 표현하세요.',어려움,"[고목, 별똥별, 은빛]",191,2025-07-22 10:24:09
,시,이미지화,시의 감정을 시각화하세요: '자취 속에서 느껴지는 독특한 분위기를 그림으로 표현하세요.',어려움,"[회오리, 별똥별, 안개]",205,2025-07-22 10:23:09
,시,이미지화,시의 감정을 시각화하세요: '회오리 속에서 느껴지는 독특한 분위기를 그림으로 표현하세요.',쉬움,"[달무리, 모닥불, 은빛]",122,2025-07-22 10:22:09
,시,이미지화,시의 감정을 시각화하세요: '고목 속에서 느껴지는 독특한 분위기를 그림으로 표현하세요.',쉬움,"[고요, 심연, 미로]",92,2025-07-22 10:21:09
,시,이미지화,시의 감정을 시각화하세요: '번개 속에서 느껴지는 독특한 분위기를 그림으로 표현하세요.',중간,"[고요, 고래, 심연]",169,2025-07-22 10:20:09
,시,이미지화,시의 감정을 시각화하세요: '자취 속에서 느껴지는 독특한 분위기를 그림으로 표현하세요.',중간,"[달무리, 은하, 은빛]",189,2025-07-22 10:19:09
,시,이미지화,시의 감정을 시각화하세요: '번개 속에서 느껴지는 독특한 분위기를 그림으로 표현하세요.',쉬움,"[폭풍, 회오리, 안개]",125,2025-07-22 10:18:09
,시,이미지화,시의 감정을 시각화하세요: '폭풍 속에서 느껴지는 독특한 분위기를 그림으로 표현하세요.',중간,"[연기, 석양, 미로]",84,2025-07-22 10:17:09
,시,이미지화,시의 감정을 시각화하세요: '은하 속에서 느껴지는 독특한 분위기를 그림으로 표현하세요.',중간,"[별똥별, 번개, 모래시계]",205,2025-07-22 10:16:09
,시,이미지화,시의 감정을 시각화하세요: '모닥불 속에서 느껴지는 독특한 분위기를 그림으로 표현하세요.',어려움,"[고요, 황혼, 자취]",95,2025-07-22 10:15:09
,시,이미지화,시의 감정을 시각화하세요: '모래시계 속에서 느껴지는 독특한 분위기를 그림으로 표현하세요.',어려움,"[회오리, 연기, 황혼]",155,2025-07-22 10:14:09
,시,이미지화,시의 감정을 시각화하세요: '화산 속에서 느껴지는 독특한 분위기를 그림으로 표현하세요.',쉬움,"[사막, 거인, 고요]",103,2025-07-22 10:13:09
,시,이미지화,시의 감정을 시각화하세요: '연기 속에서 느껴지는 독특한 분위기를 그림으로 표현하세요.',중간,"[거울, 유리, 흑백]",138,2025-07-22 10:12:09
,시,이미지화,시의 감정을 시각화하세요: '강물 속에서 느껴지는 독특한 분위기를 그림으로 표현하세요.',중간,"[모닥불, 고목, 달무리]",86,2025-07-22 10:11:09
,시,이미지화,시의 감정을 시각화하세요: '고요 속에서 느껴지는 독특한 분위기를 그림으로 표현하세요.',어려움,"[강물, 흑백, 황야]",161,2025-07-22 10:10:09
,시,이미지화,시의 감정을 시각화하세요: '달무리 속에서 느껴지는 독특한 분위기를 그림으로 표현하세요.',어려움,"[안개, 촛불, 폭풍]",73,2025-07-22 10:09:09
,시,이미지화,시의 감정을 시각화하세요: '달무리 속에서 느껴지는 독특한 분위기를 그림으로 표현하세요.',어려움,"[거인, 흑백, 석양]",180,2025-07-22 10:08:09
,시,이미지화,시의 감정을 시각화하세요: '고요 속에서 느껴지는 독특한 분위기를 그림으로 표현하세요.',어려움,"[연기, 흑백, 심연]",120,2025-07-22 10:07:09
,시,이미지화,시의 감정을 시각화하세요: '달무리 속에서 느껴지는 독특한 분위기를 그림으로 표현하세요.',쉬움,"[화산, 은하, 연기]",138,2025-07-22 10:06:09
,시,이미지화,시의 감정을 시각화하세요: '늑대 속에서 느껴지는 독특한 분위기를 그림으로 표현하세요.',어려움,"[촛불, 은빛, 석양]",201,2025-07-22 10:05:09
,시,이미지화,시의 감정을 시각화하세요: '회오리 속에서 느껴지는 독특한 분위기를 그림으로 표현하세요.',어려움,"[안개, 촛불, 황혼]",137,2025-07-22 10:04:09
,시,이미지화,시의 감정을 시각화하세요: '강물 속에서 느껴지는 독특한 분위기를 그림으로 표현하세요.',어려움,"[화산, 고래, 은하]",189,2025-07-22 10:03:09
,시,이미지화,시의 감정을 시각화하세요: '고래 속에서 느껴지는 독특한 분위기를 그림으로 표현하세요.',중간,"[촛불, 화산, 강물]",218,2025-07-22 10:02:09
,시,이미지화,시의 감정을 시각화하세요: '고요 속에서 느껴지는 독특한 분위기를 그림으로 표현하세요.',어려움,"[모래시계, 흑백, 유리]",176,2025-07-22 10:01:09
,시,이미지화,시의 감정을 시각화하세요: '얼음 속에서 느껴지는 독특한 분위기를 그림으로 표현하세요.',쉬움,"[회오리, 화산, 유리]",139,2025-07-22 10:00:09
,시,이미지화,시의 감정을 시각화하세요: '모닥불 속에서 느껴지는 독특한 분위기를 그림으로 표현하세요.',중간,"[안개, 황야, 늑대]",123,2025-07-22 09:59:09
,시,이미지화,시의 감정을 시각화하세요: '모래시계 속에서 느껴지는 독특한 분위기를 그림으로 표현하세요.',쉬움,"[고목, 은하, 모래시계]",62,2025-07-22 09:58:09
,시,이미지화,시의 감정을 시각화하세요: '안개 속에서 느껴지는 독특한 분위기를 그림으로 표현하세요.',쉬움,"[강물, 연기, 은빛]",61,2025-07-22 09:57:09
,시,이미지화,시의 감정을 시각화하세요: '안개 속에서 느껴지는 독특한 분위기를 그림으로 표현하세요.',중간,"[황혼, 모래시계, 회오리]",128,2025-07-22 09:56:09
,시,이미지화,시의 감정을 시각화하세요: '안개 속에서 느껴지는 독특한 분위기를 그림으로 표현하세요.',어려움,"[달무리, 황야, 사막]",119,2025-07-22 09:55:09
,시,이미지화,시의 감정을 시각화하세요: '촛불 속에서 느껴지는 독특한 분위기를 그림으로 표현하세요.',어려움,"[유리, 석양, 모래시계]",99,2025-07-22 09:54:09
,시,이미지화,시의 감정을 시각화하세요: '얼음 속에서 느껴지는 독특한 분위기를 그림으로 표현하세요.',어려움,"[번개, 고요, 심연]",118,2025-07-22 09:53:09
,시,이미지화,시의 감정을 시각화하세요: '늑대 속에서 느껴지는 독특한 분위기를 그림으로 표현하세요.',어려움,"[고래, 모닥불, 은하]",89,2025-07-22 09:52:09
,시,이미지화,시의 감정을 시각화하세요: '황야 속에서 느껴지는 독특한 분위기를 그림으로 표현하세요.',쉬움,"[번개, 은하, 안개]",73,2025-07-22 09:51:09
,시,이미지화,시의 감정을 시각화하세요: '안개 속에서 느껴지는 독특한 분위기를 그림으로 표현하세요.',쉬움,"[은빛, 달무리, 석양]",74,2025-07-22 09:50:09
,시,이미지화,시의 감정을 시각화하세요: '폭풍 속에서 느껴지는 독특한 분위기를 그림으로 표현하세요.',쉬움,"[심연, 고목, 석양]",72,2025-07-22 09:49:09
,시,이미지화,시의 감정을 시각화하세요: '얼음 속에서 느껴지는 독특한 분위기를 그림으로 표현하세요.',어려움,"[심연, 자취, 화산]",156,2025-07-22 09:48:09
,시,이미지화,시의 감정을 시각화하세요: '회오리 속에서 느껴지는 독특한 분위기를 그림으로 표현하세요.',어려움,"[미로, 연기, 모닥불]",63,2025-07-22 09:47:09
,시,이미지화,시의 감정을 시각화하세요: '황혼 속에서 느껴지는 독특한 분위기를 그림으로 표현하세요.',어려움,"[사막, 고래, 연기]",177,2025-07-22 09:46:09
,시,이미지화,시의 감정을 시각화하세요: '사막 속에서 느껴지는 독특한 분위기를 그림으로 표현하세요.',어려움,"[황야, 사막, 화산]",138,2025-07-22 09:45:09
,시,이미지화,시의 감정을 시각화하세요: '석양 속에서 느껴지는 독특한 분위기를 그림으로 표현하세요.',중간,"[번개, 심연, 폭풍]",197,2025-07-22 09:44:09
,시,이미지화,시의 감정을 시각화하세요: '얼음 속에서 느껴지는 독특한 분위기를 그림으로 표현하세요.',쉬움,"[고요, 거울, 달무리]",98,2025-07-22 09:43:09
,시,이미지화,시의 감정을 시각화하세요: '늑대 속에서 느껴지는 독특한 분위기를 그림으로 표현하세요.',어려움,"[황야, 별똥별, 연기]",211,2025-07-22 09:42:09
,시,이미지화,시의 감정을 시각화하세요: '미로 속에서 느껴지는 독특한 분위기를 그림으로 표현하세요.',어려움,"[거울, 황야, 달무리]",132,2025-07-22 09:41:09
,시,이미지화,시의 감정을 시각화하세요: '고목 속에서 느껴지는 독특한 분위기를 그림으로 표현하세요.',어려움,"[회오리, 모래시계, 촛불]",68,2025-07-22 09:40:09
,시,이미지화,시의 감정을 시각화하세요: '화산 속에서 느껴지는 독특한 분위기를 그림으로 표현하세요.',쉬움,"[황혼, 늑대, 폭풍]",117,2025-07-22 09:39:09
,시,이미지화,시의 감정을 시각화하세요: '화산 속에서 느껴지는 독특한 분위기를 그림으로 표현하세요.',쉬움,"[자취, 은하, 촛불]",156,2025-07-22 09:38:09
,시,이미지화,시의 감정을 시각화하세요: '거울 속에서 느껴지는 독특한 분위기를 그림으로 표현하세요.',어려움,"[강물, 안개, 흑백]",117,2025-07-22 09:37:09
,시,이미지화,시의 감정을 시각화하세요: '회오리 속에서 느껴지는 독특한 분위기를 그림으로 표현하세요.',쉬움,"[흑백, 은빛, 늑대]",82,2025-07-22 09:36:09
,시,이미지화,시의 감정을 시각화하세요: '고요 속에서 느껴지는 독특한 분위기를 그림으로 표현하세요.',쉬움,"[화산, 모래시계, 미로]",74,2025-07-22 09:35:09
,시,이미지화,시의 감정을 시각화하세요: '폭풍 속에서 느껴지는 독특한 분위기를 그림으로 표현하세요.',쉬움,"[달무리, 화산, 폭풍]",92,2025-07-22 09:34:09
,시,이미지화,시의 감정을 시각화하세요: '회오리 속에서 느껴지는 독특한 분위기를 그림으로 표현하세요.',어려움,"[자취, 황혼, 사막]",69,2025-07-22 09:33:09
,시,이미지화,시의 감정을 시각화하세요: '강물 속에서 느껴지는 독특한 분위기를 그림으로 표현하세요.',중간,"[모래시계, 회오리, 별똥별]",183,2025-07-22 09:32:09
,시,이미지화,시의 감정을 시각화하세요: '사막 속에서 느껴지는 독특한 분위기를 그림으로 표현하세요.',쉬움,"[은빛, 회오리, 연기]",116,2025-07-22 09:31:09
,시,이미지화,시의 감정을 시각화하세요: '촛불 속에서 느껴지는 독특한 분위기를 그림으로 표현하세요.',쉬움,"[거울, 늑대, 자취]",88,2025-07-22 09:30:09
,시,이미지화,시의 감정을 시각화하세요: '은빛 속에서 느껴지는 독특한 분위기를 그림으로 표현하세요.',쉬움,"[안개, 모래시계, 거인]",166,2025-07-22 09:29:09
,시,이미지화,시의 감정을 시각화하세요: '석양 속에서 느껴지는 독특한 분위기를 그림으로 표현하세요.',어려움,"[고목, 고요, 연기]",188,2025-07-22 09:28:09
,시,이미지화,시의 감정을 시각화하세요: '은하 속에서 느껴지는 독특한 분위기를 그림으로 표현하세요.',쉬움,"[번개, 화산, 고요]",199,2025-07-22 09:27:09
,시,이미지화,시의 감정을 시각화하세요: '강물 속에서 느껴지는 독특한 분위기를 그림으로 표현하세요.',쉬움,"[폭풍, 황야, 고목]",113,2025-07-22 09:26:09
,시,이미지화,시의 감정을 시각화하세요: '황야 속에서 느껴지는 독특한 분위기를 그림으로 표현하세요.',쉬움,"[화산, 흑백, 은하]",75,2025-07-22 09:25:09
,시,이미지화,시의 감정을 시각화하세요: '안개 속에서 느껴지는 독특한 분위기를 그림으로 표현하세요.',쉬움,"[화산, 촛불, 별똥별]",155,2025-07-22 09:24:09
,시,이미지화,시의 감정을 시각화하세요: '고래 속에서 느껴지는 독특한 분위기를 그림으로 표현하세요.',중간,"[은빛, 연기, 심연]",60,2025-07-22 09:23:09
,시,이미지화,시의 감정을 시각화하세요: '심연 속에서 느껴지는 독특한 분위기를 그림으로 표현하세요.',중간,"[유리, 자취, 거울]",168,2025-07-22 09:22:09
,시,이미지화,시의 감정을 시각화하세요: '심연 속에서 느껴지는 독특한 분위기를 그림으로 표현하세요.',중간,"[모닥불, 자취, 거인]",78,2025-07-22 09:21:09
,시,이미지화,시의 감정을 시각화하세요: '거울 속에서 느껴지는 독특한 분위기를 그림으로 표현하세요.',어려움,"[황혼, 거울, 모래시계]",217,2025-07-22 09:20:09
,시,이미지화,시의 감정을 시각화하세요: '달무리 속에서 느껴지는 독특한 분위기를 그림으로 표현하세요.',쉬움,"[황야, 거울, 은하]",77,2025-07-22 09:19:09
,시,이미지화,시의 감정을 시각화하세요: '흑백 속에서 느껴지는 독특한 분위기를 그림으로 표현하세요.',중간,"[고래, 미로, 석양]",209,2025-07-22 09:18:09
,시,이미지화,시의 감정을 시각화하세요: '흑백 속에서 느껴지는 독특한 분위기를 그림으로 표현하세요.',중간,"[안개, 사막, 자취]",139,2025-07-22 09:17:09
,시,이미지화,시의 감정을 시각화하세요: '은하 속에서 느껴지는 독특한 분위기를 그림으로 표현하세요.',어려움,"[황혼, 고목, 안개]",126,2025-07-22 09:16:09
,시,이미지화,시의 감정을 시각화하세요: '은빛 속에서 느껴지는 독특한 분위기를 그림으로 표현하세요.',어려움,"[황혼, 모래시계, 거울]",187,2025-07-22 09:15:09
,시,이미지화,시의 감정을 시각화하세요: '석양 속에서 느껴지는 독특한 분위기를 그림으로 표현하세요.',쉬움,"[번개, 거울, 황혼]",211,2025-07-22 09:14:09
,시,이미지화,시의 감정을 시각화하세요: '은하 속에서 느껴지는 독특한 분위기를 그림으로 표현하세요.',중간,"[거울, 흑백, 폭풍]",61,2025-07-22 09:13:09
,시,이미지화,시의 감정을 시각화하세요: '모닥불 속에서 느껴지는 독특한 분위기를 그림으로 표현하세요.',어려움,"[촛불, 은빛, 사막]",95,2025-07-22 09:12:09
,시,이미지화,시의 감정을 시각화하세요: '황혼 속에서 느껴지는 독특한 분위기를 그림으로 표현하세요.',쉬움,"[은하, 안개, 자취]",61,2025-07-22 09:11:09
,시,이미지화,시의 감정을 시각화하세요: '얼음 속에서 느껴지는 독특한 분위기를 그림으로 표현하세요.',어려움,"[모닥불, 촛불, 강물]",112,2025-07-22 09:10:09
,시,이미지화,시의 감정을 시각화하세요: '자취 속에서 느껴지는 독특한 분위기를 그림으로 표현하세요.',중간,"[고래, 안개, 강물]",114,2025-07-22 09:09:09
,시,이미지화,시의 감정을 시각화하세요: '별똥별 속에서 느껴지는 독특한 분위기를 그림으로 표현하세요.',어려움,"[은빛, 황야, 석양]",96,2025-07-22 09:08:09
,시,이미지화,시의 감정을 시각화하세요: '화산 속에서 느껴지는 독특한 분위기를 그림으로 표현하세요.',어려움,"[번개, 모닥불, 고래]",128,2025-07-22 09:07:09
,시,이미지화,시의 감정을 시각화하세요: '연기 속에서 느껴지는 독특한 분위기를 그림으로 표현하세요.',중간,"[자취, 고목, 거울]",80,2025-07-22 09:06:09
,시,이미지화,시의 감정을 시각화하세요: '얼음 속에서 느껴지는 독특한 분위기를 그림으로 표현하세요.',쉬움,"[번개, 고요, 안개]",155,2025-07-22 09:05:09
,시,이미지화,시의 감정을 시각화하세요: '황야 속에서 느껴지는 독특한 분위기를 그림으로 표현하세요.',어려움,"[촛불, 거울, 황야]",220,2025-07-22 09:04:09
,시,이미지화,시의 감정을 시각화하세요: '유리 속에서 느껴지는 독특한 분위기를 그림으로 표현하세요.',쉬움,"[자취, 연기, 황야]",72,2025-07-22 09:03:09
,시,이미지화,시의 감정을 시각화하세요: '화산 속에서 느껴지는 독특한 분위기를 그림으로 표현하세요.',쉬움,"[황야, 거인, 심연]",68,2025-07-22 09:02:09
,시,이미지화,시의 감정을 시각화하세요: '달무리 속에서 느껴지는 독특한 분위기를 그림으로 표현하세요.',중간,"[연기, 번개, 안개]",87,2025-07-22 09:01:09
,시,이미지화,시의 감정을 시각화하세요: '황혼 속에서 느껴지는 독특한 분위기를 그림으로 표현하세요.',어려움,"[은빛, 강물, 사막]",124,2025-07-22 09:00:09
,시,이미지화,시의 감정을 시각화하세요: '유리 속에서 느껴지는 독특한 분위기를 그림으로 표현하세요.',쉬움,"[모닥불, 강물, 회오리]",141,2025-07-22 08:59:09
,시,이미지화,시의 감정을 시각화하세요: '은하 속에서 느껴지는 독특한 분위기를 그림으로 표현하세요.',중간,"[거울, 촛불, 고요]",167,2025-07-22 08:58:09
